61042696048603,351,"#CoderAcadStudentGroup"
78938318345665,351,"#CoderAcadStudentGroup"
129635590413210,351,"#CoderAcadStudentGroup"
217296063554551,351,"#CoderAcadStudentGroup"
61042696048603,790,"#FreeKittens"
129635590413210,790,"#FreeKittens"
217296063554551,790,"#FreeKittens"
61042696048603,254,"#MongolianEmpire"
78938318345665,254,"#MongolianEmpire"
129635590413210,254,"#MongolianEmpire"
217296063554551,254,"#MongolianEmpire"
259978138610242,254,"#MongolianEmpire"
262189740051595,254,"#MongolianEmpire"
61042696048603,160,"$wag"
217296063554551,160,"$wag"
61042696048603,752,"%00Byte"
78938318345665,752,"%00Byte"
217296063554551,752,"%00Byte"
259978138610242,752,"%00Byte"
61042696048603,476,"') DROP TABLE flags"
129635590413210,476,"') DROP TABLE flags"
217296063554551,476,"') DROP TABLE flags"
61042696048603,1032,"/shrug"
61042696048603,78,"08067sec"
66157298247002,78,"08067sec"
78938318345665,78,"08067sec"
129635590413210,78,"08067sec"
180087338435941,78,"08067sec"
217296063554551,78,"08067sec"
262189740051595,78,"08067sec"
61042696048603,90,"0day"
129635590413210,90,"0day"
13707409317231,799,"0fa"
61042696048603,799,"0fa"
78938318345665,799,"0fa"
79597475704181,799,"0fa"
129635590413210,799,"0fa"
137205900087135,799,"0fa"
217296063554551,799,"0fa"
259978138610242,799,"0fa"
262189740051595,799,"0fa"
267572815980067,799,"0fa"
94542406908437,1129,"0n3m4ns4rmy"
61042696048603,937,"0points"
78938318345665,937,"0points"
129635590413210,937,"0points"
217296063554551,937,"0points"
61042696048603,1023,"0xfafu-1"
129635590413210,1023,"0xfafu-1"
217296063554551,1023,"0xfafu-1"
61042696048603,1064,"0xNN"
78938318345665,1064,"0xNN"
217296063554551,1064,"0xNN"
259978138610242,1064,"0xNN"
61042696048603,363,"1-x-2"
217296063554551,363,"1-x-2"
262189740051595,363,"1-x-2"
61042696048603,1027,"123"
217296063554551,1027,"123"
61042696048603,1031,"13:19"
129635590413210,1031,"13:19"
217296063554551,1031,"13:19"
61042696048603,908,"1:M"
129635590413210,908,"1:M"
217296063554551,908,"1:M"
61042696048603,180,"22501"
129635590413210,465,"2mr"
13707409317231,575,"2ndTeam"
61042696048603,575,"2ndTeam"
78938318345665,575,"2ndTeam"
217296063554551,575,"2ndTeam"
259978138610242,575,"2ndTeam"
61042696048603,335,"2old4ctf"
78938318345665,335,"2old4ctf"
129635590413210,335,"2old4ctf"
217296063554551,335,"2old4ctf"
61042696048603,45,"360's"
78938318345665,45,"360's"
129635590413210,45,"360's"
217296063554551,45,"360's"
262189740051595,45,"360's"
61042696048603,402,"3idiots"
78938318345665,402,"3idiots"
129635590413210,402,"3idiots"
256618859388839,402,"3idiots"
259978138610242,402,"3idiots"
61042696048603,870,"404gg"
78938318345665,870,"404gg"
129635590413210,870,"404gg"
217296063554551,870,"404gg"
61042696048603,917,"4katsuk1"
129635590413210,917,"4katsuk1"
217296063554551,917,"4katsuk1"
61042696048603,126,"4TLOB"
61042696048603,44,"529"
78938318345665,44,"529"
129635590413210,44,"529"
180087338435941,44,"529"
217296063554551,44,"529"
61042696048603,944,"562"
217296063554551,944,"562"
61042696048603,877,"9203"
217296063554551,877,"9203"
61042696048603,243,"<script>alert('hi')</script>"
78938318345665,243,"<script>alert('hi')</script>"
217296063554551,243,"<script>alert('hi')</script>"
259978138610242,243,"<script>alert('hi')</script>"
13707409317231,132,"Abs0lut3Pwn4g3"
61042696048603,132,"Abs0lut3Pwn4g3"
78938318345665,132,"Abs0lut3Pwn4g3"
79597475704181,132,"Abs0lut3Pwn4g3"
129635590413210,132,"Abs0lut3Pwn4g3"
137205900087135,132,"Abs0lut3Pwn4g3"
217296063554551,132,"Abs0lut3Pwn4g3"
259978138610242,132,"Abs0lut3Pwn4g3"
61042696048603,308,"acdwas"
259978138610242,308,"acdwas"
61042696048603,517,"acid_d3st0y3r"
61042696048603,222,"ahahahha"
61042696048603,1056,"aiyo"
129635590413210,1056,"aiyo"
217296063554551,1056,"aiyo"
262189740051595,1056,"aiyo"
61042696048603,779,"AKATSUKI"
78938318345665,779,"AKATSUKI"
61042696048603,735,"al2640"
61042696048603,1011,"Albanis"
61042696048603,979,"All0ne"
78938318345665,979,"All0ne"
13707409317231,387,"ALLByMySelf"
61042696048603,387,"ALLByMySelf"
78938318345665,387,"ALLByMySelf"
217296063554551,387,"ALLByMySelf"
259978138610242,387,"ALLByMySelf"
61042696048603,293,"Alone Warrior"
217296063554551,293,"Alone Warrior"
61042696048603,376,"Alpha Union"
78938318345665,376,"Alpha Union"
129635590413210,376,"Alpha Union"
217296063554551,376,"Alpha Union"
262189740051595,376,"Alpha Union"
129635590413210,275,"AL_FATIH_REBORN"
61042696048603,337,"anonsurf"
217296063554551,337,"anonsurf"
13707409317231,392,"Antichat"
20699132274635,392,"Antichat"
20752559572331,392,"Antichat"
61042696048603,392,"Antichat"
64481132567441,392,"Antichat"
66157298247002,392,"Antichat"
69013038504839,392,"Antichat"
78938318345665,392,"Antichat"
79597475704181,392,"Antichat"
90456443599229,392,"Antichat"
129635590413210,392,"Antichat"
137205900087135,392,"Antichat"
175765812795154,392,"Antichat"
180087338435941,392,"Antichat"
196436988665166,392,"Antichat"
200866407218627,392,"Antichat"
201645601726001,392,"Antichat"
213684670060305,392,"Antichat"
217296063554551,392,"Antichat"
225000872620548,392,"Antichat"
246236604087989,392,"Antichat"
256618859388839,392,"Antichat"
259978138610242,392,"Antichat"
262189740051595,392,"Antichat"
267572815980067,392,"Antichat"
61042696048603,1036,"Anutrix"
129635590413210,1036,"Anutrix"
217296063554551,1036,"Anutrix"
259978138610242,1036,"Anutrix"
61042696048603,1050,"AOR"
78938318345665,1050,"AOR"
79597475704181,1050,"AOR"
129635590413210,1050,"AOR"
137205900087135,1050,"AOR"
217296063554551,1050,"AOR"
259978138610242,1050,"AOR"
61042696048603,693,"Aosu"
61042696048603,558,"Aqua"
78938318345665,558,"Aqua"
79597475704181,558,"Aqua"
217296063554551,558,"Aqua"
259978138610242,558,"Aqua"
217296063554551,1059,"aqwa"
259978138610242,1059,"aqwa"
61042696048603,318,"ARES"
78938318345665,318,"ARES"
262189740051595,318,"ARES"
61042696048603,1142,"ARHS"
61042696048603,569,"Armia Prezesa"
79597475704181,569,"Armia Prezesa"
137205900087135,569,"Armia Prezesa"
217296063554551,569,"Armia Prezesa"
246236604087989,569,"Armia Prezesa"
259978138610242,569,"Armia Prezesa"
61042696048603,803,"arx"
217296063554551,803,"arx"
61042696048603,768,"asdasdasd"
78938318345665,768,"asdasdasd"
129635590413210,768,"asdasdasd"
137205900087135,768,"asdasdasd"
217296063554551,768,"asdasdasd"
61042696048603,782,"asdf"
217296063554551,1215,"asfafa"
13707409317231,594,"ASGama"
61042696048603,594,"ASGama"
78938318345665,594,"ASGama"
79597475704181,594,"ASGama"
129635590413210,594,"ASGama"
137205900087135,594,"ASGama"
217296063554551,594,"ASGama"
259978138610242,594,"ASGama"
267572815980067,594,"ASGama"
13707409317231,449,"ASIS"
61042696048603,449,"ASIS"
78938318345665,449,"ASIS"
79597475704181,449,"ASIS"
129635590413210,449,"ASIS"
137205900087135,449,"ASIS"
217296063554551,449,"ASIS"
259978138610242,449,"ASIS"
267572815980067,449,"ASIS"
61042696048603,71,"atipahy"
78938318345665,71,"atipahy"
129635590413210,71,"atipahy"
217296063554551,71,"atipahy"
238540441114806,71,"atipahy"
61042696048603,861,"ATT"
217296063554551,861,"ATT"
217296063554551,1033,"auntp3arl"
61042696048603,965,"Aviatoolz"
217296063554551,965,"Aviatoolz"
13707409317231,462,"axle05"
61042696048603,462,"axle05"
78938318345665,462,"axle05"
129635590413210,462,"axle05"
217296063554551,462,"axle05"
259978138610242,462,"axle05"
61042696048603,644,"axolotl"
129635590413210,644,"axolotl"
217296063554551,644,"axolotl"
61042696048603,446,"b0nes"
129635590413210,446,"b0nes"
217296063554551,446,"b0nes"
259978138610242,446,"b0nes"
13707409317231,701,"b0tchsec"
43248027705454,701,"b0tchsec"
61042696048603,701,"b0tchsec"
64481132567441,701,"b0tchsec"
78938318345665,701,"b0tchsec"
79597475704181,701,"b0tchsec"
129635590413210,701,"b0tchsec"
137205900087135,701,"b0tchsec"
175765812795154,701,"b0tchsec"
196436988665166,701,"b0tchsec"
217296063554551,701,"b0tchsec"
256618859388839,701,"b0tchsec"
259978138610242,701,"b0tchsec"
267572815980067,701,"b0tchsec"
274293480249760,701,"b0tchsec"
61042696048603,621,"b3y0nd_1nf1n1ty"
63671689402826,621,"b3y0nd_1nf1n1ty"
259978138610242,621,"b3y0nd_1nf1n1ty"
79597475704181,1076,"b4sh5i"
267572815980067,1076,"b4sh5i"
61042696048603,627,"Ba Sing Sec"
259978138610242,627,"Ba Sing Sec"
61042696048603,953,"baakanoob"
129635590413210,953,"baakanoob"
61042696048603,947,"babanizprolar"
78938318345665,947,"babanizprolar"
129635590413210,947,"babanizprolar"
217296063554551,947,"babanizprolar"
259978138610242,947,"babanizprolar"
13707409317231,723,"backspace_mutiny"
43248027705454,723,"backspace_mutiny"
61042696048603,723,"backspace_mutiny"
78938318345665,723,"backspace_mutiny"
79597475704181,723,"backspace_mutiny"
90456443599229,723,"backspace_mutiny"
129635590413210,723,"backspace_mutiny"
137205900087135,723,"backspace_mutiny"
175765812795154,723,"backspace_mutiny"
196436988665166,723,"backspace_mutiny"
213684670060305,723,"backspace_mutiny"
217296063554551,723,"backspace_mutiny"
225000872620548,723,"backspace_mutiny"
256618859388839,723,"backspace_mutiny"
259978138610242,723,"backspace_mutiny"
262189740051595,723,"backspace_mutiny"
274293480249760,723,"backspace_mutiny"
61042696048603,170,"badfirmware"
79597475704181,170,"badfirmware"
129635590413210,170,"badfirmware"
137205900087135,170,"badfirmware"
267572815980067,170,"badfirmware"
61042696048603,466,"Bamboofox"
78938318345665,466,"Bamboofox"
79597475704181,466,"Bamboofox"
129635590413210,466,"Bamboofox"
217296063554551,466,"Bamboofox"
267572815980067,466,"Bamboofox"
61042696048603,604,"Bang"
61042696048603,43,"Bangsiri"
78938318345665,43,"Bangsiri"
129635590413210,43,"Bangsiri"
217296063554551,43,"Bangsiri"
61042696048603,955,"barkesakko"
78938318345665,955,"barkesakko"
217296063554551,955,"barkesakko"
61042696048603,373,"barr1cad3"
61042696048603,991,"başkentsec"
217296063554551,991,"başkentsec"
61042696048603,702,"BatmansKitchen"
61042696048603,832,"BawlSec"
78938318345665,832,"BawlSec"
129635590413210,832,"BawlSec"
137205900087135,832,"BawlSec"
217296063554551,832,"BawlSec"
259978138610242,832,"BawlSec"
61042696048603,672,"BB"
61042696048603,800,"bctf=="
129635590413210,800,"bctf=="
217296063554551,800,"bctf=="
61042696048603,541,"be4stie"
43248027705454,646,"Beard Labs"
61042696048603,1107,"BeastlyBeauties"
78938318345665,1107,"BeastlyBeauties"
129635590413210,1107,"BeastlyBeauties"
137205900087135,1107,"BeastlyBeauties"
217296063554551,1107,"BeastlyBeauties"
238540441114806,1107,"BeastlyBeauties"
262189740051595,1107,"BeastlyBeauties"
61042696048603,289,"beerpwn"
66157298247002,289,"beerpwn"
78938318345665,289,"beerpwn"
79597475704181,289,"beerpwn"
129635590413210,289,"beerpwn"
137205900087135,289,"beerpwn"
180087338435941,289,"beerpwn"
217296063554551,289,"beerpwn"
259978138610242,289,"beerpwn"
33711099870834,547,"BetweenChairs"
61042696048603,547,"BetweenChairs"
78938318345665,547,"BetweenChairs"
79597475704181,547,"BetweenChairs"
129635590413210,547,"BetweenChairs"
137205900087135,547,"BetweenChairs"
217296063554551,547,"BetweenChairs"
262189740051595,547,"BetweenChairs"
13707409317231,445,"bi0s"
61042696048603,445,"bi0s"
78938318345665,445,"bi0s"
137205900087135,445,"bi0s"
61042696048603,1090,"Bifi_Hitam"
61042696048603,860,"BirdAnonymousYouTube"
78938318345665,860,"BirdAnonymousYouTube"
79597475704181,860,"BirdAnonymousYouTube"
129635590413210,860,"BirdAnonymousYouTube"
217296063554551,860,"BirdAnonymousYouTube"
61042696048603,1108,"BisonSquad"
78938318345665,1108,"BisonSquad"
129635590413210,1108,"BisonSquad"
137205900087135,1108,"BisonSquad"
217296063554551,1108,"BisonSquad"
61042696048603,384,"BKernelShell"
129635590413210,1127,"BKO"
61042696048603,381,"Bl0ck"
79597475704181,381,"Bl0ck"
129635590413210,381,"Bl0ck"
217296063554551,381,"Bl0ck"
259978138610242,381,"Bl0ck"
61042696048603,121,"Blackfoot Security"
78938318345665,121,"Blackfoot Security"
79597475704181,121,"Blackfoot Security"
129635590413210,121,"Blackfoot Security"
180087338435941,121,"Blackfoot Security"
217296063554551,121,"Blackfoot Security"
259978138610242,121,"Blackfoot Security"
267572815980067,121,"Blackfoot Security"
20699132274635,167,"Blackfoxs"
61042696048603,167,"Blackfoxs"
64481132567441,167,"Blackfoxs"
78938318345665,167,"Blackfoxs"
129635590413210,167,"Blackfoxs"
137205900087135,167,"Blackfoxs"
180087338435941,167,"Blackfoxs"
196436988665166,167,"Blackfoxs"
217296063554551,167,"Blackfoxs"
217966979518682,167,"Blackfoxs"
246236604087989,167,"Blackfoxs"
256618859388839,167,"Blackfoxs"
259978138610242,167,"Blackfoxs"
262189740051595,167,"Blackfoxs"
61042696048603,1118,"blaise"
78938318345665,1118,"blaise"
129635590413210,1118,"blaise"
217296063554551,1118,"blaise"
259978138610242,1118,"blaise"
217296063554551,981,"blank"
262189740051595,981,"blank"
43248027705454,778,"blendyoursecurity"
61042696048603,778,"blendyoursecurity"
78938318345665,778,"blendyoursecurity"
129635590413210,778,"blendyoursecurity"
217296063554551,778,"blendyoursecurity"
13707409317231,612,"blue hens"
61042696048603,612,"blue hens"
78938318345665,612,"blue hens"
129635590413210,612,"blue hens"
217296063554551,612,"blue hens"
61042696048603,439,"BLUE TEAM"
129635590413210,439,"BLUE TEAM"
61042696048603,220,"blueship"
129635590413210,220,"blueship"
217296063554551,220,"blueship"
61042696048603,997,"BlumBlumShub"
129635590413210,997,"BlumBlumShub"
137205900087135,997,"BlumBlumShub"
217296063554551,997,"BlumBlumShub"
61042696048603,246,"bolgia4"
78938318345665,246,"bolgia4"
79597475704181,246,"bolgia4"
129635590413210,246,"bolgia4"
217296063554551,246,"bolgia4"
259978138610242,246,"bolgia4"
61042696048603,444,"Bopoznpvt"
43248027705454,703,"boysenberry"
61042696048603,703,"boysenberry"
274293480249760,703,"boysenberry"
13707409317231,164,"Brahmastra"
61042696048603,164,"Brahmastra"
78938318345665,164,"Brahmastra"
79597475704181,164,"Brahmastra"
129635590413210,164,"Brahmastra"
137205900087135,164,"Brahmastra"
217296063554551,164,"Brahmastra"
259978138610242,164,"Brahmastra"
267572815980067,164,"Brahmastra"
13707409317231,237,"brazing_assembly"
42000168598225,237,"brazing_assembly"
61042696048603,237,"brazing_assembly"
78938318345665,237,"brazing_assembly"
79597475704181,237,"brazing_assembly"
129635590413210,237,"brazing_assembly"
137205900087135,237,"brazing_assembly"
217296063554551,237,"brazing_assembly"
247452192350850,237,"brazing_assembly"
259978138610242,237,"brazing_assembly"
13707409317231,419,"BreakPoint"
61042696048603,419,"BreakPoint"
78938318345665,419,"BreakPoint"
79597475704181,419,"BreakPoint"
129635590413210,419,"BreakPoint"
137205900087135,419,"BreakPoint"
217296063554551,419,"BreakPoint"
246236604087989,419,"BreakPoint"
259978138610242,419,"BreakPoint"
262189740051595,419,"BreakPoint"
267572815980067,419,"BreakPoint"
61042696048603,1083,"Brooo"
129635590413210,1083,"Brooo"
217296063554551,1083,"Brooo"
61042696048603,587,"bugexterminator"
61042696048603,416,"Burger"
78938318345665,416,"Burger"
217296063554551,416,"Burger"
262189740051595,416,"Burger"
20699132274635,614,"Bushwhackers"
64481132567441,614,"Bushwhackers"
129635590413210,614,"Bushwhackers"
259978138610242,614,"Bushwhackers"
61042696048603,417,"Butter Overflow"
259978138610242,417,"Butter Overflow"
13707409317231,559,"ByteForc3"
61042696048603,559,"ByteForc3"
78938318345665,559,"ByteForc3"
79597475704181,559,"ByteForc3"
129635590413210,559,"ByteForc3"
137205900087135,559,"ByteForc3"
217296063554551,559,"ByteForc3"
259978138610242,559,"ByteForc3"
267572815980067,559,"ByteForc3"
61042696048603,226,"ByteFuzz"
217296063554551,226,"ByteFuzz"
13707409317231,23,"C0Br@"
61042696048603,23,"C0Br@"
78938318345665,23,"C0Br@"
79597475704181,23,"C0Br@"
129635590413210,23,"C0Br@"
137205900087135,23,"C0Br@"
217296063554551,23,"C0Br@"
259978138610242,23,"C0Br@"
262189740051595,23,"C0Br@"
43248027705454,654,"c1ph0r"
61042696048603,654,"c1ph0r"
129635590413210,654,"c1ph0r"
256618859388839,654,"c1ph0r"
274293480249760,654,"c1ph0r"
61042696048603,379,"c2w2m2"
78938318345665,379,"c2w2m2"
217296063554551,379,"c2w2m2"
259978138610242,379,"c2w2m2"
61042696048603,928,"c3v3lop"
78938318345665,928,"c3v3lop"
79597475704181,928,"c3v3lop"
129635590413210,928,"c3v3lop"
217296063554551,928,"c3v3lop"
267572815980067,928,"c3v3lop"
61042696048603,1239,"c99l"
262189740051595,1239,"c99l"
43248027705454,252,"c9s3c"
61042696048603,252,"c9s3c"
78938318345665,252,"c9s3c"
129635590413210,252,"c9s3c"
137205900087135,252,"c9s3c"
217296063554551,252,"c9s3c"
238540441114806,252,"c9s3c"
13707409317231,866,"CactuarNation"
61042696048603,866,"CactuarNation"
78938318345665,866,"CactuarNation"
79597475704181,866,"CactuarNation"
129635590413210,866,"CactuarNation"
217296063554551,866,"CactuarNation"
259978138610242,866,"CactuarNation"
267572815980067,866,"CactuarNation"
61042696048603,1089,"Cafelinux"
129635590413210,1089,"Cafelinux"
217296063554551,1089,"Cafelinux"
61042696048603,757,"CaliSec"
61042696048603,1010,"callrax"
217296063554551,1010,"callrax"
61042696048603,1013,"Caroline"
78938318345665,1013,"Caroline"
79597475704181,1013,"Caroline"
129635590413210,1013,"Caroline"
217296063554551,1013,"Caroline"
259978138610242,1013,"Caroline"
79597475704181,1021,"CAT"
267572815980067,1021,"CAT"
61042696048603,966,"Catch The Flag"
78938318345665,966,"Catch The Flag"
61042696048603,573,"CatchFM"
78938318345665,573,"CatchFM"
129635590413210,573,"CatchFM"
137205900087135,573,"CatchFM"
217296063554551,573,"CatchFM"
259978138610242,573,"CatchFM"
61042696048603,912,"CatPawn"
129635590413210,912,"CatPawn"
217296063554551,912,"CatPawn"
61042696048603,890,"CAX"
78938318345665,890,"CAX"
129635590413210,890,"CAX"
217296063554551,890,"CAX"
259978138610242,890,"CAX"
61042696048603,719,"CekirdekDokuldu"
78938318345665,719,"CekirdekDokuldu"
129635590413210,719,"CekirdekDokuldu"
217296063554551,719,"CekirdekDokuldu"
259978138610242,719,"CekirdekDokuldu"
61042696048603,321,"CerberusTeam"
61042696048603,992,"chauloe97"
217296063554551,992,"chauloe97"
61042696048603,133,"Chocolate Wasted"
78938318345665,133,"Chocolate Wasted"
129635590413210,133,"Chocolate Wasted"
217296063554551,133,"Chocolate Wasted"
259978138610242,133,"Chocolate Wasted"
262189740051595,133,"Chocolate Wasted"
61042696048603,156,"Code Red"
61042696048603,660,"CodeQuest"
217296063554551,660,"CodeQuest"
262189740051595,660,"CodeQuest"
61042696048603,597,"coldnine"
13707409317231,238,"colorado=security"
61042696048603,238,"colorado=security"
78938318345665,238,"colorado=security"
129635590413210,238,"colorado=security"
137205900087135,238,"colorado=security"
217296063554551,238,"colorado=security"
259978138610242,238,"colorado=security"
61042696048603,686,"Colossus"
61042696048603,230,"Comic_Sans_Dream_Team"
61042696048603,1156,"Communism"
129635590413210,1156,"Communism"
262189740051595,1156,"Communism"
61042696048603,1174,"Communism☺"
129635590413210,1174,"Communism☺"
61042696048603,109,"Corps Tigris"
79597475704181,815,"cr0mize"
267572815980067,815,"cr0mize"
13707409317231,523,"cr0wn"
20752559572331,523,"cr0wn"
61042696048603,523,"cr0wn"
78938318345665,523,"cr0wn"
79597475704181,523,"cr0wn"
129635590413210,523,"cr0wn"
137205900087135,523,"cr0wn"
217296063554551,523,"cr0wn"
256618859388839,523,"cr0wn"
259978138610242,523,"cr0wn"
267572815980067,523,"cr0wn"
61042696048603,341,"cr3sc3ndo"
79597475704181,341,"cr3sc3ndo"
129635590413210,341,"cr3sc3ndo"
217296063554551,341,"cr3sc3ndo"
267572815980067,341,"cr3sc3ndo"
61042696048603,584,"cRUcible"
61042696048603,567,"Crypton5"
78938318345665,567,"Crypton5"
217296063554551,567,"Crypton5"
259978138610242,567,"Crypton5"
43248027705454,751,"CSIS88@MPC"
61042696048603,751,"CSIS88@MPC"
78938318345665,751,"CSIS88@MPC"
129635590413210,751,"CSIS88@MPC"
217296063554551,751,"CSIS88@MPC"
61042696048603,81,"CSUI"
78938318345665,81,"CSUI"
79597475704181,81,"CSUI"
129635590413210,81,"CSUI"
137205900087135,81,"CSUI"
217296063554551,81,"CSUI"
259978138610242,81,"CSUI"
267572815980067,81,"CSUI"
13707409317231,665,"CTD Elite"
33711099870834,665,"CTD Elite"
61042696048603,665,"CTD Elite"
66157298247002,665,"CTD Elite"
78938318345665,665,"CTD Elite"
129635590413210,665,"CTD Elite"
217296063554551,665,"CTD Elite"
238540441114806,665,"CTD Elite"
259978138610242,665,"CTD Elite"
262189740051595,665,"CTD Elite"
61042696048603,659,"CTF0"
64481132567441,659,"CTF0"
69013038504839,659,"CTF0"
78938318345665,659,"CTF0"
79597475704181,659,"CTF0"
129635590413210,659,"CTF0"
217296063554551,659,"CTF0"
259978138610242,659,"CTF0"
267572815980067,659,"CTF0"
129635590413210,764,"Ctfnoob"
61042696048603,150,"CTF_N00BS"
262189740051595,150,"CTF_N00BS"
61042696048603,251,"CultOfTheDeadCarrot"
137205900087135,251,"CultOfTheDeadCarrot"
259978138610242,251,"CultOfTheDeadCarrot"
61042696048603,76,"Cunning Linguists"
78938318345665,76,"Cunning Linguists"
129635590413210,76,"Cunning Linguists"
217296063554551,76,"Cunning Linguists"
61042696048603,267,"Cursader"
78938318345665,267,"Cursader"
217296063554551,267,"Cursader"
61042696048603,204,"Cyber Thunderbirds"
259978138610242,204,"Cyber Thunderbirds"
217296063554551,370,"Cybercomm"
13707409317231,964,"Cybernatural"
33711099870834,964,"Cybernatural"
61042696048603,964,"Cybernatural"
66157298247002,964,"Cybernatural"
78938318345665,964,"Cybernatural"
79597475704181,964,"Cybernatural"
129635590413210,964,"Cybernatural"
137205900087135,964,"Cybernatural"
201645601726001,964,"Cybernatural"
217296063554551,964,"Cybernatural"
238540441114806,964,"Cybernatural"
259978138610242,964,"Cybernatural"
61042696048603,299,"cypho"
61042696048603,977,"CYSC"
78938318345665,977,"CYSC"
79597475704181,977,"CYSC"
217296063554551,977,"CYSC"
267572815980067,977,"CYSC"
61042696048603,380,"D0g3"
217296063554551,380,"D0g3"
61042696048603,73,"D0rkside"
129635590413210,73,"D0rkside"
129635590413210,195,"d1gCA"
61042696048603,775,"D3SIPROX"
78938318345665,775,"D3SIPROX"
61042696048603,560,"D4RK_FL0W"
129635590413210,560,"D4RK_FL0W"
61042696048603,389,"Daedalus"
129635590413210,389,"Daedalus"
217296063554551,389,"Daedalus"
61042696048603,1086,"dagegen"
217296063554551,1086,"dagegen"
13707409317231,668,"DarkCorner"
43248027705454,668,"DarkCorner"
61042696048603,668,"DarkCorner"
78938318345665,668,"DarkCorner"
79597475704181,668,"DarkCorner"
129635590413210,668,"DarkCorner"
137205900087135,668,"DarkCorner"
217296063554551,668,"DarkCorner"
256618859388839,668,"DarkCorner"
259978138610242,668,"DarkCorner"
262189740051595,668,"DarkCorner"
61042696048603,326,"Dc1ph3R"
129635590413210,326,"Dc1ph3R"
137205900087135,326,"Dc1ph3R"
259978138610242,326,"Dc1ph3R"
8384454985489,2,"dcua"
13707409317231,2,"dcua"
20699132274635,2,"dcua"
20752559572331,2,"dcua"
33711099870834,2,"dcua"
42000168598225,2,"dcua"
43248027705454,2,"dcua"
61042696048603,2,"dcua"
64481132567441,2,"dcua"
66157298247002,2,"dcua"
68860802848897,2,"dcua"
69013038504839,2,"dcua"
72608096679768,2,"dcua"
78938318345665,2,"dcua"
79597475704181,2,"dcua"
90456443599229,2,"dcua"
94542406908437,2,"dcua"
129635590413210,2,"dcua"
135977197146494,2,"dcua"
137205900087135,2,"dcua"
157000820540156,2,"dcua"
175765812795154,2,"dcua"
180087338435941,2,"dcua"
196436988665166,2,"dcua"
200866407218627,2,"dcua"
201645601726001,2,"dcua"
213684670060305,2,"dcua"
217296063554551,2,"dcua"
217966979518682,2,"dcua"
225000872620548,2,"dcua"
234093379428150,2,"dcua"
238540441114806,2,"dcua"
246236604087989,2,"dcua"
256618859388839,2,"dcua"
259978138610242,2,"dcua"
262189740051595,2,"dcua"
267572815980067,2,"dcua"
274293480249760,2,"dcua"
43248027705454,35,"dd3da2"
61042696048603,35,"dd3da2"
78938318345665,35,"dd3da2"
129635590413210,35,"dd3da2"
217296063554551,35,"dd3da2"
274293480249760,35,"dd3da2"
61042696048603,868,"ddd428"
129635590413210,868,"ddd428"
217296063554551,868,"ddd428"
259978138610242,814,"Dead$ec"
61042696048603,70,"Deadlift"
61042696048603,433,"Deadlock Team"
79597475704181,433,"Deadlock Team"
129635590413210,433,"Deadlock Team"
137205900087135,433,"Deadlock Team"
217296063554551,433,"Deadlock Team"
259978138610242,433,"Deadlock Team"
61042696048603,903,"Defenit"
78938318345665,903,"Defenit"
79597475704181,903,"Defenit"
129635590413210,903,"Defenit"
217296063554551,903,"Defenit"
259978138610242,903,"Defenit"
267572815980067,903,"Defenit"
61042696048603,1095,"destine21"
129635590413210,1095,"destine21"
217296063554551,1095,"destine21"
262189740051595,1095,"destine21"
61042696048603,290,"devtestengteam"
61042696048603,949,"dictat0rs.php"
129635590413210,949,"dictat0rs.php"
217296063554551,949,"dictat0rs.php"
61042696048603,135,"Digital-pwn"
78938318345665,135,"Digital-pwn"
129635590413210,135,"Digital-pwn"
137205900087135,135,"Digital-pwn"
217296063554551,135,"Digital-pwn"
259978138610242,135,"Digital-pwn"
61042696048603,959,"Djavaa"
79597475704181,959,"Djavaa"
129635590413210,959,"Djavaa"
137205900087135,959,"Djavaa"
267572815980067,959,"Djavaa"
61042696048603,122,"dokko"
78938318345665,122,"dokko"
129635590413210,122,"dokko"
217296063554551,122,"dokko"
61042696048603,818,"DoR"
129635590413210,818,"DoR"
217296063554551,818,"DoR"
8384454985489,497,"dotsu"
13707409317231,497,"dotsu"
20699132274635,497,"dotsu"
61042696048603,497,"dotsu"
64481132567441,497,"dotsu"
78938318345665,497,"dotsu"
79597475704181,497,"dotsu"
129635590413210,497,"dotsu"
137205900087135,497,"dotsu"
217296063554551,497,"dotsu"
259978138610242,497,"dotsu"
267572815980067,497,"dotsu"
61042696048603,1081,"DoubleVKay"
217296063554551,1081,"DoubleVKay"
61042696048603,286,"doubV"
64481132567441,286,"doubV"
78938318345665,286,"doubV"
79597475704181,286,"doubV"
129635590413210,286,"doubV"
137205900087135,286,"doubV"
217296063554551,286,"doubV"
259978138610242,286,"doubV"
61042696048603,87,"Dr33mT3am"
129635590413210,87,"Dr33mT3am"
61042696048603,263,"DragonWing"
217296063554551,263,"DragonWing"
13707409317231,284,"dtuhax"
61042696048603,284,"dtuhax"
78938318345665,284,"dtuhax"
129635590413210,284,"dtuhax"
137205900087135,284,"dtuhax"
217296063554551,284,"dtuhax"
225000872620548,284,"dtuhax"
256618859388839,284,"dtuhax"
259978138610242,284,"dtuhax"
129635590413210,1012,"dudette"
259978138610242,599,"dummy"
61042696048603,616,"DWU"
61042696048603,753,"E"
217296063554551,1236,"e123"
129635590413210,1195,"ed(1)"
61042696048603,521,"efiens"
79597475704181,521,"efiens"
217296063554551,521,"efiens"
267572815980067,521,"efiens"
61042696048603,83,"El Camino Cyber"
129635590413210,83,"El Camino Cyber"
61042696048603,1152,"elitehacker101"
61042696048603,494,"elpadrino"
129635590413210,494,"elpadrino"
217296063554551,494,"elpadrino"
256618859388839,494,"elpadrino"
61042696048603,27,"Elrohir"
61042696048603,807,"EmpireCTF"
64481132567441,807,"EmpireCTF"
78938318345665,807,"EmpireCTF"
79597475704181,807,"EmpireCTF"
129635590413210,807,"EmpireCTF"
217296063554551,807,"EmpireCTF"
259978138610242,807,"EmpireCTF"
267572815980067,807,"EmpireCTF"
61042696048603,519,"Empty"
61042696048603,1144,"enZyme"
78938318345665,1144,"enZyme"
79597475704181,1144,"enZyme"
129635590413210,1144,"enZyme"
217296063554551,1144,"enZyme"
259978138610242,1144,"enZyme"
79597475704181,951,"Ep3ius"
61042696048603,206,"EpicGamers"
79597475704181,1194,"epist"
94542406908437,1194,"epist"
267572815980067,1194,"epist"
61042696048603,1099,"EthernalGreen"
129635590413210,1099,"EthernalGreen"
137205900087135,1099,"EthernalGreen"
180087338435941,1099,"EthernalGreen"
217296063554551,1099,"EthernalGreen"
259978138610242,1099,"EthernalGreen"
61042696048603,923,"ever404"
61042696048603,921,"ever440"
78938318345665,921,"ever440"
217296063554551,921,"ever440"
43248027705454,626,"EvilRiders"
61042696048603,626,"EvilRiders"
129635590413210,626,"EvilRiders"
137205900087135,626,"EvilRiders"
217296063554551,626,"EvilRiders"
238540441114806,626,"EvilRiders"
259978138610242,626,"EvilRiders"
61042696048603,188,"Evolve Security"
129635590413210,188,"Evolve Security"
217296063554551,188,"Evolve Security"
262189740051595,188,"Evolve Security"
61042696048603,82,"EWKKI"
129635590413210,82,"EWKKI"
217296063554551,82,"EWKKI"
61042696048603,634,"exitzero"
61042696048603,430,"f00ls"
129635590413210,430,"f00ls"
217296063554551,430,"f00ls"
64481132567441,450,"f=ma"
13707409317231,1221,"Facemesh"
137205900087135,1221,"Facemesh"
196436988665166,1221,"Facemesh"
256618859388839,1221,"Facemesh"
259978138610242,1221,"Facemesh"
79597475704181,950,"fantasy"
267572815980067,950,"fantasy"
61042696048603,1002,"fargate"
129635590413210,1002,"fargate"
217296063554551,1002,"fargate"
61042696048603,97,"FeedMeFlags"
217296063554551,97,"FeedMeFlags"
61042696048603,888,"FelisCatus"
78938318345665,888,"FelisCatus"
129635590413210,888,"FelisCatus"
217296063554551,888,"FelisCatus"
43248027705454,328,"Flaming Hot Cryptos"
61042696048603,328,"Flaming Hot Cryptos"
129635590413210,328,"Flaming Hot Cryptos"
217296063554551,328,"Flaming Hot Cryptos"
61042696048603,506,"FlappyBug"
129635590413210,506,"FlappyBug"
217296063554551,506,"FlappyBug"
61042696048603,835,"fob"
78938318345665,835,"fob"
79597475704181,835,"fob"
217296063554551,835,"fob"
61042696048603,639,"FOLD"
61042696048603,99,"Foreigners"
78938318345665,99,"Foreigners"
129635590413210,99,"Foreigners"
217296063554551,99,"Foreigners"
61042696048603,414,"for_fun"
79597475704181,414,"for_fun"
217296063554551,414,"for_fun"
246236604087989,414,"for_fun"
259978138610242,414,"for_fun"
61042696048603,249,"Foxes"
78938318345665,249,"Foxes"
129635590413210,249,"Foxes"
217296063554551,249,"Foxes"
259978138610242,249,"Foxes"
61042696048603,1120,"foxsec"
78938318345665,1120,"foxsec"
217296063554551,1120,"foxsec"
262189740051595,1120,"foxsec"
61042696048603,499,"Frailecillos"
137205900087135,499,"Frailecillos"
259978138610242,499,"Frailecillos"
43248027705454,857,"Frozone"
61042696048603,857,"Frozone"
78938318345665,857,"Frozone"
129635590413210,857,"Frozone"
217296063554551,857,"Frozone"
274293480249760,857,"Frozone"
61042696048603,595,"fullname"
61042696048603,120,"FunWithFlags"
137205900087135,120,"FunWithFlags"
61042696048603,260,"G6"
78938318345665,260,"G6"
217296063554551,260,"G6"
259978138610242,260,"G6"
61042696048603,544,"gachiBandSolo"
61042696048603,323,"Garfield's lasagna poops"
78938318345665,323,"Garfield's lasagna poops"
79597475704181,323,"Garfield's lasagna poops"
137205900087135,323,"Garfield's lasagna poops"
79597475704181,985,"GayTeam"
61042696048603,1114,"GDASL"
259978138610242,1114,"GDASL"
13707409317231,147,"Gh0stSh3ll"
61042696048603,147,"Gh0stSh3ll"
78938318345665,147,"Gh0stSh3ll"
129635590413210,147,"Gh0stSh3ll"
217296063554551,147,"Gh0stSh3ll"
259978138610242,147,"Gh0stSh3ll"
13707409317231,278,"Ginkgo"
61042696048603,278,"Ginkgo"
78938318345665,278,"Ginkgo"
79597475704181,278,"Ginkgo"
129635590413210,278,"Ginkgo"
217296063554551,278,"Ginkgo"
259978138610242,278,"Ginkgo"
262189740051595,278,"Ginkgo"
267572815980067,278,"Ginkgo"
61042696048603,300,"girlstakingover"
78938318345665,300,"girlstakingover"
129635590413210,300,"girlstakingover"
137205900087135,300,"girlstakingover"
217296063554551,300,"girlstakingover"
259978138610242,300,"girlstakingover"
61042696048603,631,"GiveMeFiberOrGiveMeDeath"
61042696048603,413,"glasses"
217296063554551,413,"glasses"
61042696048603,1075,"Glidermed"
217296063554551,1075,"Glidermed"
79597475704181,831,"goforit"
267572815980067,831,"goforit"
61042696048603,390,"gogia1"
217296063554551,390,"gogia1"
13707409317231,404,"goo"
61042696048603,404,"goo"
78938318345665,404,"goo"
79597475704181,404,"goo"
94542406908437,404,"goo"
129635590413210,404,"goo"
137205900087135,404,"goo"
238540441114806,404,"goo"
267572815980067,404,"goo"
61042696048603,678,"gorby and friends"
61042696048603,110,"gorogoroumaru"
78938318345665,110,"gorogoroumaru"
79597475704181,110,"gorogoroumaru"
137205900087135,110,"gorogoroumaru"
217296063554551,110,"gorogoroumaru"
259978138610242,110,"gorogoroumaru"
61042696048603,571,"GR00T5"
78938318345665,571,"GR00T5"
79597475704181,571,"GR00T5"
129635590413210,571,"GR00T5"
137205900087135,571,"GR00T5"
217296063554551,571,"GR00T5"
259978138610242,571,"GR00T5"
79597475704181,894,"grrr"
267572815980067,894,"grrr"
61042696048603,615,"gruf"
78938318345665,615,"gruf"
129635590413210,615,"gruf"
61042696048603,311,"grymwyr"
129635590413210,311,"grymwyr"
217296063554551,311,"grymwyr"
61042696048603,601,"Guatitasec"
66157298247002,601,"Guatitasec"
78938318345665,601,"Guatitasec"
129635590413210,601,"Guatitasec"
137205900087135,601,"Guatitasec"
196436988665166,601,"Guatitasec"
217296063554551,601,"Guatitasec"
256618859388839,601,"Guatitasec"
259978138610242,601,"Guatitasec"
262189740051595,601,"Guatitasec"
61042696048603,211,"GWHT"
79597475704181,211,"GWHT"
267572815980067,211,"GWHT"
61042696048603,504,"Gyul"
79597475704181,504,"Gyul"
129635590413210,504,"Gyul"
217296063554551,504,"Gyul"
61042696048603,792,"H*ckYou!"
78938318345665,792,"H*ckYou!"
129635590413210,792,"H*ckYou!"
217296063554551,792,"H*ckYou!"
238540441114806,792,"H*ckYou!"
129635590413210,266,"h2dl"
61042696048603,468,"H4"
61042696048603,929,"H4ck3r5"
129635590413210,929,"H4ck3r5"
217296063554551,929,"H4ck3r5"
61042696048603,30,"h4ck7u5"
201645601726001,30,"h4ck7u5"
217296063554551,30,"h4ck7u5"
259978138610242,30,"h4ck7u5"
13707409317231,426,"hack@unhcfreg"
61042696048603,426,"hack@unhcfreg"
78938318345665,426,"hack@unhcfreg"
79597475704181,426,"hack@unhcfreg"
129635590413210,426,"hack@unhcfreg"
137205900087135,426,"hack@unhcfreg"
217296063554551,426,"hack@unhcfreg"
256618859388839,426,"hack@unhcfreg"
259978138610242,426,"hack@unhcfreg"
262189740051595,426,"hack@unhcfreg"
267572815980067,426,"hack@unhcfreg"
61042696048603,510,"Hackability"
79597475704181,510,"Hackability"
137205900087135,510,"Hackability"
217296063554551,510,"Hackability"
259978138610242,510,"Hackability"
267572815980067,510,"Hackability"
13707409317231,745,"HackademINT"
61042696048603,745,"HackademINT"
78938318345665,745,"HackademINT"
79597475704181,745,"HackademINT"
129635590413210,745,"HackademINT"
217296063554551,745,"HackademINT"
259978138610242,745,"HackademINT"
262189740051595,745,"HackademINT"
61042696048603,181,"HackerinoBoys"
78938318345665,181,"HackerinoBoys"
79597475704181,181,"HackerinoBoys"
129635590413210,181,"HackerinoBoys"
217296063554551,181,"HackerinoBoys"
259978138610242,181,"HackerinoBoys"
61042696048603,61,"Hackerrs"
13707409317231,629,"Hackers2"
61042696048603,629,"Hackers2"
78938318345665,629,"Hackers2"
129635590413210,629,"Hackers2"
137205900087135,629,"Hackers2"
217296063554551,629,"Hackers2"
259978138610242,629,"Hackers2"
262189740051595,1044,"Hackers23"
61042696048603,1079,"Hacker_duo"
13707409317231,805,"HackingForSoju"
61042696048603,805,"HackingForSoju"
69013038504839,805,"HackingForSoju"
78938318345665,805,"HackingForSoju"
79597475704181,805,"HackingForSoju"
129635590413210,805,"HackingForSoju"
137205900087135,805,"HackingForSoju"
217296063554551,805,"HackingForSoju"
259978138610242,805,"HackingForSoju"
267572815980067,805,"HackingForSoju"
61042696048603,400,"HackInProvence"
78938318345665,400,"HackInProvence"
79597475704181,400,"HackInProvence"
129635590413210,400,"HackInProvence"
137205900087135,400,"HackInProvence"
180087338435941,400,"HackInProvence"
217296063554551,400,"HackInProvence"
259978138610242,400,"HackInProvence"
262189740051595,400,"HackInProvence"
43248027705454,667,"Hackmeisters"
61042696048603,667,"Hackmeisters"
78938318345665,667,"Hackmeisters"
129635590413210,667,"Hackmeisters"
137205900087135,667,"Hackmeisters"
217296063554551,667,"Hackmeisters"
274293480249760,667,"Hackmeisters"
61042696048603,915,"hackowsod"
13707409317231,902,"hackstreetboys"
61042696048603,902,"hackstreetboys"
78938318345665,902,"hackstreetboys"
79597475704181,902,"hackstreetboys"
129635590413210,902,"hackstreetboys"
137205900087135,902,"hackstreetboys"
217296063554551,902,"hackstreetboys"
259978138610242,902,"hackstreetboys"
61042696048603,228,"HACKXOR"
129635590413210,228,"HACKXOR"
217296063554551,228,"HACKXOR"
262189740051595,1155,"haha xd"
61042696048603,550,"Haliluyaaa"
66157298247002,550,"Haliluyaaa"
78938318345665,550,"Haliluyaaa"
180087338435941,550,"Haliluyaaa"
217296063554551,550,"Haliluyaaa"
262189740051595,550,"Haliluyaaa"
61042696048603,1212,"hanto"
217296063554551,1212,"hanto"
13707409317231,698,"Harekaze"
61042696048603,698,"Harekaze"
78938318345665,698,"Harekaze"
79597475704181,698,"Harekaze"
129635590413210,698,"Harekaze"
137205900087135,698,"Harekaze"
217296063554551,698,"Harekaze"
259978138610242,698,"Harekaze"
267572815980067,698,"Harekaze"
13707409317231,100,"hav0k"
43248027705454,100,"hav0k"
61042696048603,100,"hav0k"
78938318345665,100,"hav0k"
79597475704181,100,"hav0k"
129635590413210,100,"hav0k"
137205900087135,100,"hav0k"
217296063554551,100,"hav0k"
259978138610242,100,"hav0k"
274293480249760,100,"hav0k"
61042696048603,458,"HawkSquad"
61042696048603,157,"hdg1563"
78938318345665,157,"hdg1563"
217296063554551,157,"hdg1563"
61042696048603,935,"hhro123"
64481132567441,935,"hhro123"
79597475704181,935,"hhro123"
129635590413210,935,"hhro123"
137205900087135,935,"hhro123"
217296063554551,935,"hhro123"
259978138610242,935,"hhro123"
262189740051595,935,"hhro123"
267572815980067,935,"hhro123"
61042696048603,788,"hihi123"
78938318345665,788,"hihi123"
61042696048603,1224,"home"
78938318345665,1224,"home"
217296063554551,1224,"home"
61042696048603,285,"Hongrisafe"
217296063554551,285,"Hongrisafe"
61042696048603,241,"Horde"
78938318345665,241,"Horde"
217296063554551,241,"Horde"
259978138610242,241,"Horde"
13707409317231,630,"HTsP"
61042696048603,630,"HTsP"
78938318345665,630,"HTsP"
129635590413210,630,"HTsP"
137205900087135,630,"HTsP"
259978138610242,630,"HTsP"
61042696048603,1087,"Hugh_Mungus"
78938318345665,1087,"Hugh_Mungus"
217296063554551,1087,"Hugh_Mungus"
61042696048603,394,"Hunters"
78938318345665,394,"Hunters"
129635590413210,394,"Hunters"
13707409317231,364,"HUSTnb"
20699132274635,364,"HUSTnb"
61042696048603,364,"HUSTnb"
64481132567441,364,"HUSTnb"
66157298247002,364,"HUSTnb"
69013038504839,364,"HUSTnb"
78938318345665,364,"HUSTnb"
79597475704181,364,"HUSTnb"
90456443599229,364,"HUSTnb"
129635590413210,364,"HUSTnb"
137205900087135,364,"HUSTnb"
146395827519353,364,"HUSTnb"
180087338435941,364,"HUSTnb"
201645601726001,364,"HUSTnb"
217296063554551,364,"HUSTnb"
246236604087989,364,"HUSTnb"
256618859388839,364,"HUSTnb"
259978138610242,364,"HUSTnb"
262189740051595,364,"HUSTnb"
267572815980067,364,"HUSTnb"
61042696048603,155,"hxh"
78938318345665,155,"hxh"
79597475704181,155,"hxh"
129635590413210,155,"hxh"
137205900087135,155,"hxh"
217296063554551,155,"hxh"
259978138610242,155,"hxh"
61042696048603,115,"hyuk"
217296063554551,115,"hyuk"
61042696048603,1122,"i can /shrug better"
61042696048603,1181,"I DON'T KNOW WHAT I'M DOING"
129635590413210,1181,"I DON'T KNOW WHAT I'M DOING"
61042696048603,606,"I'm Alone"
61042696048603,513,"i56c"
217296063554551,513,"i56c"
61042696048603,432,"IA1301"
129635590413210,432,"IA1301"
217296063554551,432,"IA1301"
61042696048603,636,"Iam9r00t"
78938318345665,636,"Iam9r00t"
129635590413210,636,"Iam9r00t"
217296063554551,636,"Iam9r00t"
259978138610242,636,"Iam9r00t"
61042696048603,942,"ID.3p0"
129635590413210,942,"ID.3p0"
217296063554551,942,"ID.3p0"
61042696048603,26,"Idadei's team"
217296063554551,26,"Idadei's team"
262189740051595,26,"Idadei's team"
61042696048603,443,"IDAKnow"
79597475704181,443,"IDAKnow"
129635590413210,443,"IDAKnow"
267572815980067,443,"IDAKnow"
61042696048603,1160,"idontcare"
129635590413210,1160,"idontcare"
262189740051595,1160,"idontcare"
61042696048603,131,"IggyPopSocket"
78938318345665,131,"IggyPopSocket"
129635590413210,131,"IggyPopSocket"
137205900087135,131,"IggyPopSocket"
217296063554551,131,"IggyPopSocket"
61042696048603,1150,"iheartcats"
78938318345665,1150,"iheartcats"
129635590413210,1150,"iheartcats"
217296063554551,1150,"iheartcats"
259978138610242,1150,"iheartcats"
61042696048603,1035,"IHP&C"
217296063554551,1035,"IHP&C"
61042696048603,605,"iIiIiiiIiIlllIlIlllUuUuUuo0O00Oo0oO0O"
61042696048603,756,"IMC"
129635590413210,756,"IMC"
217296063554551,756,"IMC"
274293480249760,756,"IMC"
43248027705454,770,"imh0tep"
61042696048603,770,"imh0tep"
78938318345665,770,"imh0tep"
79597475704181,770,"imh0tep"
129635590413210,770,"imh0tep"
137205900087135,770,"imh0tep"
217296063554551,770,"imh0tep"
238540441114806,770,"imh0tep"
259978138610242,770,"imh0tep"
267572815980067,770,"imh0tep"
43248027705454,1102,"Incompetent"
61042696048603,1102,"Incompetent"
61042696048603,620,"IndianTuesday"
61042696048603,93,"init0"
129635590413210,93,"init0"
259978138610242,93,"init0"
13707409317231,421,"insecure"
61042696048603,421,"insecure"
64481132567441,421,"insecure"
78938318345665,421,"insecure"
79597475704181,421,"insecure"
129635590413210,421,"insecure"
137205900087135,421,"insecure"
217296063554551,421,"insecure"
256618859388839,421,"insecure"
259978138610242,421,"insecure"
267572815980067,421,"insecure"
13707409317231,297,"Invaders"
61042696048603,297,"Invaders"
78938318345665,297,"Invaders"
129635590413210,297,"Invaders"
137205900087135,297,"Invaders"
217296063554551,297,"Invaders"
61042696048603,334,"Invuls"
78938318345665,334,"Invuls"
129635590413210,334,"Invuls"
217296063554551,334,"Invuls"
262189740051595,334,"Invuls"
13707409317231,498,"irGeeks"
20699132274635,498,"irGeeks"
61042696048603,498,"irGeeks"
64481132567441,498,"irGeeks"
78938318345665,498,"irGeeks"
129635590413210,498,"irGeeks"
137205900087135,498,"irGeeks"
217296063554551,498,"irGeeks"
238540441114806,498,"irGeeks"
259978138610242,498,"irGeeks"
61042696048603,1025,"iri5"
8384454985489,505,"isekai"
13707409317231,505,"isekai"
61042696048603,505,"isekai"
78938318345665,505,"isekai"
137205900087135,505,"isekai"
217296063554551,505,"isekai"
217966979518682,505,"isekai"
238540441114806,505,"isekai"
256618859388839,505,"isekai"
259978138610242,505,"isekai"
262189740051595,505,"isekai"
13707409317231,362,"ISITDTU"
61042696048603,362,"ISITDTU"
78938318345665,362,"ISITDTU"
79597475704181,362,"ISITDTU"
129635590413210,362,"ISITDTU"
137205900087135,362,"ISITDTU"
217296063554551,362,"ISITDTU"
256618859388839,362,"ISITDTU"
259978138610242,362,"ISITDTU"
262189740051595,362,"ISITDTU"
267572815980067,362,"ISITDTU"
13707409317231,548,"ITA_Sec"
61042696048603,548,"ITA_Sec"
78938318345665,548,"ITA_Sec"
79597475704181,548,"ITA_Sec"
129635590413210,548,"ITA_Sec"
137205900087135,548,"ITA_Sec"
217296063554551,548,"ITA_Sec"
256618859388839,548,"ITA_Sec"
259978138610242,548,"ITA_Sec"
267572815980067,548,"ITA_Sec"
61042696048603,378,"ITTT"
217296063554551,378,"ITTT"
61042696048603,412,"J0k3r"
129635590413210,412,"J0k3r"
61042696048603,863,"j999090"
217296063554551,863,"j999090"
61042696048603,91,"jackdaw"
79597475704181,91,"jackdaw"
129635590413210,91,"jackdaw"
61042696048603,936,"Jafar"
78938318345665,936,"Jafar"
129635590413210,936,"Jafar"
137205900087135,936,"Jafar"
217296063554551,936,"Jafar"
259978138610242,936,"Jafar"
61042696048603,525,"JaiTeam"
217296063554551,960,"Java Clan"
61042696048603,733,"jhs2skd0cae"
217296063554551,733,"jhs2skd0cae"
61042696048603,111,"jin4wook"
78938318345665,111,"jin4wook"
129635590413210,111,"jin4wook"
64481132567441,1026,"jinmo123"
61042696048603,103,"JNTUj0kers"
61042696048603,1249,"JrXnm"
217296063554551,1249,"JrXnm"
61042696048603,176,"jt00"
79597475704181,176,"jt00"
217296063554551,176,"jt00"
267572815980067,176,"jt00"
61042696048603,905,"Just Us"
129635590413210,905,"Just Us"
217296063554551,905,"Just Us"
61042696048603,836,"justdoit"
180087338435941,836,"justdoit"
217296063554551,836,"justdoit"
61042696048603,310,"just_r0b"
78938318345665,310,"just_r0b"
129635590413210,310,"just_r0b"
137205900087135,310,"just_r0b"
217296063554551,310,"just_r0b"
238540441114806,310,"just_r0b"
259978138610242,310,"just_r0b"
61042696048603,786,"Kaji and the computers he done hacked"
129635590413210,786,"Kaji and the computers he done hacked"
217296063554551,786,"Kaji and the computers he done hacked"
274293480249760,786,"Kaji and the computers he done hacked"
61042696048603,876,"kap0k"
61042696048603,637,"Karmasutra"
259978138610242,637,"Karmasutra"
13707409317231,618,"Kernel Sanders"
33711099870834,618,"Kernel Sanders"
61042696048603,618,"Kernel Sanders"
78938318345665,618,"Kernel Sanders"
79597475704181,618,"Kernel Sanders"
90456443599229,618,"Kernel Sanders"
129635590413210,618,"Kernel Sanders"
137205900087135,618,"Kernel Sanders"
217296063554551,618,"Kernel Sanders"
246236604087989,618,"Kernel Sanders"
259978138610242,618,"Kernel Sanders"
267572815980067,618,"Kernel Sanders"
61042696048603,1190,"khoo"
217296063554551,1190,"khoo"
61042696048603,674,"kinibini"
137205900087135,674,"kinibini"
217296063554551,674,"kinibini"
259978138610242,674,"kinibini"
262189740051595,674,"kinibini"
79597475704181,183,"kiolog"
267572815980067,183,"kiolog"
61042696048603,1008,"kiona"
78938318345665,1008,"kiona"
79597475704181,1008,"kiona"
129635590413210,1008,"kiona"
137205900087135,1008,"kiona"
217296063554551,1008,"kiona"
129635590413210,1143,"Ki_walo"
217296063554551,1143,"Ki_walo"
61042696048603,648,"kjb"
129635590413210,648,"kjb"
217296063554551,648,"kjb"
259978138610242,648,"kjb"
61042696048603,579,"KKnD"
129635590413210,579,"KKnD"
217296063554551,579,"KKnD"
262189740051595,579,"KKnD"
61042696048603,617,"kknock"
79597475704181,617,"kknock"
217296063554551,617,"kknock"
267572815980067,617,"kknock"
13707409317231,84,"kn0ck"
20699132274635,84,"kn0ck"
61042696048603,84,"kn0ck"
64481132567441,84,"kn0ck"
78938318345665,84,"kn0ck"
79597475704181,84,"kn0ck"
129635590413210,84,"kn0ck"
217296063554551,84,"kn0ck"
259978138610242,84,"kn0ck"
262189740051595,84,"kn0ck"
267572815980067,84,"kn0ck"
61042696048603,348,"Knoblauchzehe"
217296063554551,348,"Knoblauchzehe"
61042696048603,650,"knock-knock"
259978138610242,650,"knock-knock"
137205900087135,158,"KPCKPC"
61042696048603,911,"KrLab"
217296063554551,911,"KrLab"
13707409317231,804,"krockpot"
43248027705454,804,"krockpot"
61042696048603,804,"krockpot"
78938318345665,804,"krockpot"
129635590413210,804,"krockpot"
137205900087135,804,"krockpot"
217296063554551,804,"krockpot"
259978138610242,804,"krockpot"
61042696048603,168,"Krypt0nite5"
13707409317231,231,"ktxgnz"
61042696048603,231,"ktxgnz"
78938318345665,231,"ktxgnz"
129635590413210,231,"ktxgnz"
137205900087135,231,"ktxgnz"
217296063554551,231,"ktxgnz"
259978138610242,231,"ktxgnz"
61042696048603,491,"KUDoS"
78938318345665,491,"KUDoS"
129635590413210,491,"KUDoS"
137205900087135,491,"KUDoS"
217296063554551,491,"KUDoS"
262189740051595,491,"KUDoS"
61042696048603,375,"Kupihleba"
217296063554551,375,"Kupihleba"
61042696048603,596,"l33ts_g0"
61042696048603,223,"Lalaland"
129635590413210,179,"lanlubbers"
61042696048603,1223,"LatenC"
129635590413210,1223,"LatenC"
217296063554551,1223,"LatenC"
262189740051595,1223,"LatenC"
79597475704181,1045,"late_night_RE"
61042696048603,316,"LibWTF"
78938318345665,316,"LibWTF"
129635590413210,316,"LibWTF"
137205900087135,316,"LibWTF"
217296063554551,316,"LibWTF"
259978138610242,316,"LibWTF"
61042696048603,628,"Lights of Pineapples"
78938318345665,628,"Lights of Pineapples"
129635590413210,628,"Lights of Pineapples"
137205900087135,628,"Lights of Pineapples"
217296063554551,628,"Lights of Pineapples"
259978138610242,628,"Lights of Pineapples"
61042696048603,711,"liorye03"
61042696048603,418,"LND"
217296063554551,418,"LND"
61042696048603,874,"LoD"
78938318345665,874,"LoD"
129635590413210,874,"LoD"
217296063554551,874,"LoD"
61042696048603,1159,"LoliFederation"
129635590413210,1159,"LoliFederation"
262189740051595,1159,"LoliFederation"
61042696048603,555,"LoonyTeam"
61042696048603,333,"Lopes"
78938318345665,333,"Lopes"
129635590413210,333,"Lopes"
217296063554551,333,"Lopes"
79597475704181,423,"Low Level Sage"
259978138610242,423,"Low Level Sage"
267572815980067,423,"Low Level Sage"
61042696048603,322,"lowprivshighhopes"
137205900087135,322,"lowprivshighhopes"
217296063554551,322,"lowprivshighhopes"
61042696048603,871,"Lunarantic"
129635590413210,871,"Lunarantic"
217296063554551,871,"Lunarantic"
61042696048603,1191,"M Y  T E A M"
262189740051595,1191,"M Y  T E A M"
13707409317231,1014,"M.I.S.T."
61042696048603,1014,"M.I.S.T."
66157298247002,1014,"M.I.S.T."
78938318345665,1014,"M.I.S.T."
79597475704181,1014,"M.I.S.T."
129635590413210,1014,"M.I.S.T."
137205900087135,1014,"M.I.S.T."
196436988665166,1014,"M.I.S.T."
217296063554551,1014,"M.I.S.T."
259978138610242,1014,"M.I.S.T."
267572815980067,1014,"M.I.S.T."
61042696048603,1096,"M0t0rHead"
217296063554551,1096,"M0t0rHead"
61042696048603,746,"M1lksh4ke"
129635590413210,746,"M1lksh4ke"
137205900087135,746,"M1lksh4ke"
217296063554551,746,"M1lksh4ke"
259978138610242,746,"M1lksh4ke"
13707409317231,448,"m4d_b0y$"
61042696048603,448,"m4d_b0y$"
78938318345665,448,"m4d_b0y$"
129635590413210,448,"m4d_b0y$"
217296063554551,448,"m4d_b0y$"
61042696048603,962,"M4r5"
78938318345665,962,"M4r5"
129635590413210,962,"M4r5"
61042696048603,974,"MacauCTF"
217296063554551,974,"MacauCTF"
259978138610242,974,"MacauCTF"
61042696048603,730,"Mad Hatters"
78938318345665,730,"Mad Hatters"
61042696048603,453,"madneal"
217296063554551,453,"madneal"
61042696048603,1198,"Malissa"
137205900087135,1198,"Malissa"
61042696048603,1138,"markiyanch"
61042696048603,963,"Marshall Mathers III"
217296063554551,963,"Marshall Mathers III"
61042696048603,647,"Mato Grosso Hackers"
137205900087135,647,"Mato Grosso Hackers"
61042696048603,865,"mazala"
217296063554551,865,"mazala"
259978138610242,865,"mazala"
61042696048603,551,"mdH@Ck3D"
225000872620548,622,"me6766"
259978138610242,622,"me6766"
13188218847337,724,"meltdown"
61042696048603,724,"meltdown"
129635590413210,724,"meltdown"
137205900087135,724,"meltdown"
259978138610242,724,"meltdown"
13707409317231,38,"MemeTeme"
61042696048603,38,"MemeTeme"
78938318345665,38,"MemeTeme"
129635590413210,38,"MemeTeme"
61042696048603,175,"Merak"
78938318345665,175,"Merak"
79597475704181,175,"Merak"
129635590413210,175,"Merak"
267572815980067,175,"Merak"
61042696048603,940,"MEVIUS"
217296063554551,940,"MEVIUS"
61042696048603,34,"MGH"
78938318345665,34,"MGH"
129635590413210,34,"MGH"
217296063554551,34,"MGH"
256618859388839,34,"MGH"
259978138610242,34,"MGH"
61042696048603,145,"mgsfs"
259978138610242,145,"mgsfs"
43248027705454,738,"Mieuzhlo"
61042696048603,738,"Mieuzhlo"
61042696048603,609,"mode13h"
259978138610242,609,"mode13h"
137205900087135,633,"moo"
61042696048603,820,"Moreal"
217296063554551,820,"Moreal"
61042696048603,1068,"morelulz"
217296063554551,1068,"morelulz"
61042696048603,1201,"Mr.Robot"
217296063554551,1201,"Mr.Robot"
61042696048603,688,"mrbean"
129635590413210,688,"mrbean"
217296063554551,688,"mrbean"
61042696048603,495,"MTA256"
78938318345665,495,"MTA256"
79597475704181,495,"MTA256"
129635590413210,495,"MTA256"
137205900087135,495,"MTA256"
217296063554551,495,"MTA256"
259978138610242,495,"MTA256"
262189740051595,495,"MTA256"
61042696048603,454,"MTA525"
129635590413210,454,"MTA525"
217296063554551,454,"MTA525"
61042696048603,572,"muzumi"
61042696048603,645,"My Team564"
61042696048603,776,"My_Wifi_left_me"
217296063554551,776,"My_Wifi_left_me"
61042696048603,279,"n00b"
78938318345665,279,"n00b"
217296063554551,279,"n00b"
61042696048603,129,"N00b_"
79597475704181,926,"n0t34m"
267572815980067,926,"n0t34m"
61042696048603,542,"n0_pwn1c"
78938318345665,542,"n0_pwn1c"
129635590413210,542,"n0_pwn1c"
217296063554551,542,"n0_pwn1c"
256618859388839,542,"n0_pwn1c"
259978138610242,542,"n0_pwn1c"
217296063554551,1216,"nagano"
61042696048603,37,"NaijaSecForce"
129635590413210,37,"NaijaSecForce"
137205900087135,37,"NaijaSecForce"
217296063554551,37,"NaijaSecForce"
259978138610242,37,"NaijaSecForce"
61042696048603,1046,"NaN-i"
129635590413210,1046,"NaN-i"
61042696048603,566,"nanocomp"
79597475704181,566,"nanocomp"
129635590413210,566,"nanocomp"
137205900087135,566,"nanocomp"
256618859388839,566,"nanocomp"
259978138610242,566,"nanocomp"
267572815980067,566,"nanocomp"
61042696048603,793,"Ne0alone"
217296063554551,793,"Ne0alone"
61042696048603,740,"Ne0Lux-C1Ph3r"
78938318345665,740,"Ne0Lux-C1Ph3r"
129635590413210,740,"Ne0Lux-C1Ph3r"
217296063554551,740,"Ne0Lux-C1Ph3r"
238540441114806,740,"Ne0Lux-C1Ph3r"
259978138610242,740,"Ne0Lux-C1Ph3r"
61042696048603,186,"Nerds"
217296063554551,186,"Nerds"
61042696048603,50,"NetRunners"
137205900087135,50,"NetRunners"
217296063554551,50,"NetRunners"
259978138610242,50,"NetRunners"
61042696048603,642,"Ninjaz"
129635590413210,295,"NIS"
259978138610242,295,"NIS"
61042696048603,161,"NISRA"
78938318345665,161,"NISRA"
79597475704181,161,"NISRA"
129635590413210,161,"NISRA"
217296063554551,161,"NISRA"
259978138610242,161,"NISRA"
267572815980067,161,"NISRA"
61042696048603,1057,"No06"
43248027705454,1149,"NoCornBilly"
61042696048603,1149,"NoCornBilly"
129635590413210,1149,"NoCornBilly"
274293480249760,1149,"NoCornBilly"
61042696048603,152,"NoMasTeam"
61042696048603,906,"Non$la$"
217296063554551,906,"Non$la$"
79597475704181,744,"Noname"
267572815980067,744,"Noname"
61042696048603,967,"noob"
259978138610242,712,"NoobTitans"
61042696048603,822,"noplalic"
61042696048603,265,"nopnopnop"
217296063554551,265,"nopnopnop"
43248027705454,769,"nopsliders"
61042696048603,769,"nopsliders"
78938318345665,769,"nopsliders"
79597475704181,769,"nopsliders"
129635590413210,769,"nopsliders"
217296063554551,769,"nopsliders"
238540441114806,769,"nopsliders"
262189740051595,769,"nopsliders"
61042696048603,554,"NoPwnNoGain"
78938318345665,554,"NoPwnNoGain"
129635590413210,554,"NoPwnNoGain"
137205900087135,554,"NoPwnNoGain"
217296063554551,554,"NoPwnNoGain"
259978138610242,554,"NoPwnNoGain"
13707409317231,128,"noraneco"
61042696048603,128,"noraneco"
78938318345665,128,"noraneco"
129635590413210,128,"noraneco"
137205900087135,128,"noraneco"
180087338435941,128,"noraneco"
200866407218627,128,"noraneco"
217296063554551,128,"noraneco"
259978138610242,128,"noraneco"
61042696048603,1197,"not getting far"
78938318345665,1197,"not getting far"
217296063554551,1197,"not getting far"
61042696048603,767,"notanotherhackerteam"
137205900087135,767,"notanotherhackerteam"
217296063554551,767,"notanotherhackerteam"
262189740051595,767,"notanotherhackerteam"
8384454985489,32,"NoTeamName"
13707409317231,32,"NoTeamName"
20699132274635,32,"NoTeamName"
61042696048603,32,"NoTeamName"
64481132567441,32,"NoTeamName"
78938318345665,32,"NoTeamName"
79597475704181,32,"NoTeamName"
129635590413210,32,"NoTeamName"
137205900087135,32,"NoTeamName"
201645601726001,32,"NoTeamName"
217296063554551,32,"NoTeamName"
256618859388839,32,"NoTeamName"
259978138610242,32,"NoTeamName"
267572815980067,32,"NoTeamName"
61042696048603,635,"notimetoplay"
78938318345665,635,"notimetoplay"
129635590413210,635,"notimetoplay"
137205900087135,635,"notimetoplay"
217296063554551,635,"notimetoplay"
259978138610242,635,"notimetoplay"
43248027705454,763,"novtangopapa"
61042696048603,763,"novtangopapa"
129635590413210,763,"novtangopapa"
61042696048603,598,"NowYouSeeMe"
129635590413210,598,"NowYouSeeMe"
259978138610242,598,"NowYouSeeMe"
61042696048603,352,"noxale"
78938318345665,352,"noxale"
79597475704181,352,"noxale"
129635590413210,352,"noxale"
137205900087135,352,"noxale"
217296063554551,352,"noxale"
259978138610242,352,"noxale"
262189740051595,352,"noxale"
267572815980067,352,"noxale"
61042696048603,134,"ns4style"
217296063554551,134,"ns4style"
61042696048603,187,"nu11"
13707409317231,600,"nu117r4c3"
61042696048603,600,"nu117r4c3"
66157298247002,600,"nu117r4c3"
78938318345665,600,"nu117r4c3"
129635590413210,600,"nu117r4c3"
137205900087135,600,"nu117r4c3"
217296063554551,600,"nu117r4c3"
217966979518682,600,"nu117r4c3"
259978138610242,600,"nu117r4c3"
61042696048603,437,"Nube$"
43248027705454,456,"Nuff Fluff"
61042696048603,456,"Nuff Fluff"
78938318345665,456,"Nuff Fluff"
129635590413210,456,"Nuff Fluff"
137205900087135,456,"Nuff Fluff"
217296063554551,456,"Nuff Fluff"
256618859388839,456,"Nuff Fluff"
13707409317231,360,"null"
42000168598225,360,"null"
61042696048603,360,"null"
78938318345665,360,"null"
129635590413210,360,"null"
180087338435941,360,"null"
217296063554551,360,"null"
259978138610242,360,"null"
61042696048603,675,"null123"
79597475704181,675,"null123"
217296063554551,675,"null123"
267572815980067,675,"null123"
61042696048603,479,"NullTeam"
129635590413210,479,"NullTeam"
217296063554551,479,"NullTeam"
61042696048603,383,"NUNULLLL"
61042696048603,77,"NUSecLab"
94542406908437,77,"NUSecLab"
129635590413210,77,"NUSecLab"
217296063554551,77,"NUSecLab"
61042696048603,819,"NYUSEC"
64481132567441,819,"NYUSEC"
78938318345665,819,"NYUSEC"
79597475704181,819,"NYUSEC"
129635590413210,819,"NYUSEC"
137205900087135,819,"NYUSEC"
217296063554551,819,"NYUSEC"
259978138610242,819,"NYUSEC"
267572815980067,819,"NYUSEC"
61042696048603,11,"Nyx"
78938318345665,11,"Nyx"
79597475704181,11,"Nyx"
137205900087135,11,"Nyx"
217296063554551,11,"Nyx"
259978138610242,11,"Nyx"
262189740051595,11,"Nyx"
267572815980067,11,"Nyx"
61042696048603,1088,"o5pf"
129635590413210,1088,"o5pf"
61042696048603,371,"OhNoWeSuckAgain"
78938318345665,371,"OhNoWeSuckAgain"
217296063554551,371,"OhNoWeSuckAgain"
61042696048603,339,"omaewomo"
137205900087135,339,"omaewomo"
61042696048603,488,"Omniscients"
78938318345665,488,"Omniscients"
79597475704181,488,"Omniscients"
129635590413210,488,"Omniscients"
137205900087135,488,"Omniscients"
217296063554551,488,"Omniscients"
238540441114806,488,"Omniscients"
259978138610242,488,"Omniscients"
61042696048603,245,"onotch"
129635590413210,245,"onotch"
259978138610242,245,"onotch"
13707409317231,314,"OpenToAll"
20699132274635,314,"OpenToAll"
20752559572331,314,"OpenToAll"
33711099870834,314,"OpenToAll"
42000168598225,314,"OpenToAll"
43248027705454,314,"OpenToAll"
61042696048603,314,"OpenToAll"
64481132567441,314,"OpenToAll"
66157298247002,314,"OpenToAll"
68860802848897,314,"OpenToAll"
69013038504839,314,"OpenToAll"
72608096679768,314,"OpenToAll"
78938318345665,314,"OpenToAll"
79597475704181,314,"OpenToAll"
90456443599229,314,"OpenToAll"
94542406908437,314,"OpenToAll"
129635590413210,314,"OpenToAll"
135977197146494,314,"OpenToAll"
137205900087135,314,"OpenToAll"
175765812795154,314,"OpenToAll"
178572258396114,314,"OpenToAll"
180087338435941,314,"OpenToAll"
196436988665166,314,"OpenToAll"
200866407218627,314,"OpenToAll"
201645601726001,314,"OpenToAll"
213684670060305,314,"OpenToAll"
217296063554551,314,"OpenToAll"
217966979518682,314,"OpenToAll"
225000872620548,314,"OpenToAll"
238540441114806,314,"OpenToAll"
246236604087989,314,"OpenToAll"
247452192350850,314,"OpenToAll"
256618859388839,314,"OpenToAll"
259978138610242,314,"OpenToAll"
262189740051595,314,"OpenToAll"
267572815980067,314,"OpenToAll"
274293480249760,314,"OpenToAll"
61042696048603,489,"Orlando_Phoenix"
217296063554551,489,"Orlando_Phoenix"
43248027705454,662,"Outlier"
61042696048603,662,"Outlier"
129635590413210,662,"Outlier"
259978138610242,662,"Outlier"
61042696048603,607,"overnight"
61042696048603,268,"owl"
78938318345665,268,"owl"
217296063554551,268,"owl"
259978138610242,268,"owl"
61042696048603,889,"O|V\4"
217296063554551,889,"O|V\4"
61042696048603,330,"P2w0n18"
78938318345665,330,"P2w0n18"
129635590413210,330,"P2w0n18"
217296063554551,330,"P2w0n18"
259978138610242,330,"P2w0n18"
78938318345665,7,"P4ki5t4nH4x0rz"
129635590413210,7,"P4ki5t4nH4x0rz"
217296063554551,7,"P4ki5t4nH4x0rz"
13707409317231,46,"P@Ge2mE"
61042696048603,46,"P@Ge2mE"
78938318345665,46,"P@Ge2mE"
129635590413210,46,"P@Ge2mE"
137205900087135,46,"P@Ge2mE"
217296063554551,46,"P@Ge2mE"
259978138610242,46,"P@Ge2mE"
262189740051595,46,"P@Ge2mE"
43248027705454,729,"paqueton"
61042696048603,729,"paqueton"
78938318345665,729,"paqueton"
129635590413210,729,"paqueton"
137205900087135,729,"paqueton"
217296063554551,729,"paqueton"
262189740051595,729,"paqueton"
274293480249760,729,"paqueton"
61042696048603,578,"pas0k"
78938318345665,578,"pas0k"
79597475704181,578,"pas0k"
94542406908437,578,"pas0k"
129635590413210,578,"pas0k"
137205900087135,578,"pas0k"
217296063554551,578,"pas0k"
256618859388839,578,"pas0k"
259978138610242,578,"pas0k"
267572815980067,578,"pas0k"
61042696048603,320,"Pastafrola"
259978138610242,320,"Pastafrola"
129635590413210,1220,"pawnee"
262189740051595,1220,"pawnee"
61042696048603,51,"Pawni"
61042696048603,897,"pay1oad"
217296063554551,897,"pay1oad"
61042696048603,994,"PeaceMakers"
129635590413210,994,"PeaceMakers"
217296063554551,994,"PeaceMakers"
79597475704181,972,"Peanuts"
267572815980067,972,"Peanuts"
61042696048603,391,"PEPE_B0YZ"
217296063554551,391,"PEPE_B0YZ"
13707409317231,13,"perfect blue"
20699132274635,13,"perfect blue"
20752559572331,13,"perfect blue"
33711099870834,13,"perfect blue"
42000168598225,13,"perfect blue"
43248027705454,13,"perfect blue"
61042696048603,13,"perfect blue"
64481132567441,13,"perfect blue"
66157298247002,13,"perfect blue"
68860802848897,13,"perfect blue"
69013038504839,13,"perfect blue"
72608096679768,13,"perfect blue"
78938318345665,13,"perfect blue"
79597475704181,13,"perfect blue"
90456443599229,13,"perfect blue"
94542406908437,13,"perfect blue"
129635590413210,13,"perfect blue"
137205900087135,13,"perfect blue"
157000820540156,13,"perfect blue"
175765812795154,13,"perfect blue"
180087338435941,13,"perfect blue"
196436988665166,13,"perfect blue"
200866407218627,13,"perfect blue"
201645601726001,13,"perfect blue"
213684670060305,13,"perfect blue"
217296063554551,13,"perfect blue"
217966979518682,13,"perfect blue"
225000872620548,13,"perfect blue"
234093379428150,13,"perfect blue"
246236604087989,13,"perfect blue"
247452192350850,13,"perfect blue"
256618859388839,13,"perfect blue"
259978138610242,13,"perfect blue"
262189740051595,13,"perfect blue"
267572815980067,13,"perfect blue"
274293480249760,13,"perfect blue"
13707409317231,632,"Pham Solo 2"
33711099870834,632,"Pham Solo 2"
61042696048603,632,"Pham Solo 2"
64481132567441,632,"Pham Solo 2"
66157298247002,632,"Pham Solo 2"
78938318345665,632,"Pham Solo 2"
79597475704181,632,"Pham Solo 2"
129635590413210,632,"Pham Solo 2"
137205900087135,632,"Pham Solo 2"
217296063554551,632,"Pham Solo 2"
259978138610242,632,"Pham Solo 2"
262189740051595,632,"Pham Solo 2"
267572815980067,632,"Pham Solo 2"
61042696048603,880,"pj"
217296063554551,880,"pj"
61042696048603,1200,"Playwin"
217296063554551,1200,"Playwin"
262189740051595,1200,"Playwin"
20699132274635,524,"polga"
61042696048603,524,"polga"
66157298247002,524,"polga"
69013038504839,524,"polga"
78938318345665,524,"polga"
79597475704181,524,"polga"
129635590413210,524,"polga"
137205900087135,524,"polga"
180087338435941,524,"polga"
217296063554551,524,"polga"
259978138610242,524,"polga"
262189740051595,524,"polga"
267572815980067,524,"polga"
61042696048603,1074,"pop_pop_ret"
79597475704181,1074,"pop_pop_ret"
129635590413210,1074,"pop_pop_ret"
217296063554551,1074,"pop_pop_ret"
61042696048603,393,"Pork Chops"
78938318345665,393,"Pork Chops"
61042696048603,1020,"POSIX"
217296063554551,1020,"POSIX"
8384454985489,107,"PPP"
13707409317231,107,"PPP"
20699132274635,107,"PPP"
33711099870834,107,"PPP"
42000168598225,107,"PPP"
43248027705454,107,"PPP"
61042696048603,107,"PPP"
64481132567441,107,"PPP"
66157298247002,107,"PPP"
68860802848897,107,"PPP"
69013038504839,107,"PPP"
78938318345665,107,"PPP"
79597475704181,107,"PPP"
90456443599229,107,"PPP"
129635590413210,107,"PPP"
137205900087135,107,"PPP"
157000820540156,107,"PPP"
201645601726001,107,"PPP"
217296063554551,107,"PPP"
217966979518682,107,"PPP"
225000872620548,107,"PPP"
238540441114806,107,"PPP"
256618859388839,107,"PPP"
259978138610242,107,"PPP"
267572815980067,107,"PPP"
61042696048603,864,"Pr3d@t0R"
78938318345665,864,"Pr3d@t0R"
129635590413210,864,"Pr3d@t0R"
259978138610242,864,"Pr3d@t0R"
13707409317231,288,"Practice Safe Hex"
61042696048603,288,"Practice Safe Hex"
78938318345665,288,"Practice Safe Hex"
129635590413210,288,"Practice Safe Hex"
137205900087135,288,"Practice Safe Hex"
217296063554551,288,"Practice Safe Hex"
256618859388839,288,"Practice Safe Hex"
13707409317231,812,"PRINCE"
43248027705454,812,"PRINCE"
217296063554551,812,"PRINCE"
259978138610242,812,"PRINCE"
262189740051595,812,"PRINCE"
61042696048603,543,"PTIT"
217296063554551,543,"PTIT"
61042696048603,258,"Pwn Leak"
129635590413210,258,"Pwn Leak"
61042696048603,690,"Pwnerx"
129635590413210,690,"Pwnerx"
217296063554551,690,"Pwnerx"
79597475704181,689,"PwnH4ck"
129635590413210,689,"PwnH4ck"
129635590413210,677,"pwnhack"
217296063554551,677,"pwnhack"
61042696048603,374,"Pwnie"
79597475704181,374,"Pwnie"
259978138610242,374,"Pwnie"
267572815980067,374,"Pwnie"
61042696048603,796,"Pwnium"
78938318345665,796,"Pwnium"
79597475704181,796,"Pwnium"
180087338435941,796,"Pwnium"
217296063554551,796,"Pwnium"
267572815980067,796,"Pwnium"
61042696048603,900,"QQQ"
79597475704181,900,"QQQ"
217296063554551,900,"QQQ"
262189740051595,900,"QQQ"
61042696048603,143,"Quintuple CS"
79597475704181,143,"Quintuple CS"
129635590413210,143,"Quintuple CS"
217296063554551,143,"Quintuple CS"
259978138610242,143,"Quintuple CS"
262189740051595,143,"Quintuple CS"
61042696048603,918,"quriosity"
78938318345665,918,"quriosity"
129635590413210,918,"quriosity"
137205900087135,918,"quriosity"
217296063554551,918,"quriosity"
61042696048603,881,"r2dcode"
78938318345665,881,"r2dcode"
129635590413210,881,"r2dcode"
217296063554551,881,"r2dcode"
61042696048603,696,"r3billions"
78938318345665,696,"r3billions"
79597475704181,696,"r3billions"
137205900087135,696,"r3billions"
217296063554551,696,"r3billions"
259978138610242,696,"r3billions"
267572815980067,696,"r3billions"
43248027705454,773,"R3d Cr3sc3nt"
61042696048603,773,"R3d Cr3sc3nt"
78938318345665,773,"R3d Cr3sc3nt"
129635590413210,773,"R3d Cr3sc3nt"
137205900087135,773,"R3d Cr3sc3nt"
217296063554551,773,"R3d Cr3sc3nt"
274293480249760,773,"R3d Cr3sc3nt"
129635590413210,1124,"Rabid Badgers"
61042696048603,875,"Radar"
78938318345665,324,"RainyDusk"
129635590413210,324,"RainyDusk"
137205900087135,324,"RainyDusk"
180087338435941,324,"RainyDusk"
217296063554551,324,"RainyDusk"
259978138610242,324,"RainyDusk"
61042696048603,706,"Ranger"
78938318345665,706,"Ranger"
129635590413210,706,"Ranger"
137205900087135,706,"Ranger"
217296063554551,706,"Ranger"
256618859388839,706,"Ranger"
259978138610242,706,"Ranger"
262189740051595,706,"Ranger"
61042696048603,236,"RATF"
129635590413210,236,"RATF"
137205900087135,236,"RATF"
217296063554551,236,"RATF"
259978138610242,236,"RATF"
79597475704181,856,"rc4es"
267572815980067,856,"rc4es"
61042696048603,1133,"REBS"
61042696048603,1218,"Rejects"
78938318345665,1218,"Rejects"
129635590413210,1218,"Rejects"
61042696048603,933,"Revengers"
129635590413210,933,"Revengers"
61042696048603,368,"RevID.CTF"
259978138610242,368,"RevID.CTF"
61042696048603,869,"reyemxela"
78938318345665,869,"reyemxela"
129635590413210,869,"reyemxela"
217296063554551,869,"reyemxela"
13707409317231,12,"ri5e"
61042696048603,12,"ri5e"
78938318345665,12,"ri5e"
79597475704181,12,"ri5e"
129635590413210,12,"ri5e"
137205900087135,12,"ri5e"
217296063554551,12,"ri5e"
259978138610242,12,"ri5e"
13707409317231,828,"Ripp3rs"
61042696048603,828,"Ripp3rs"
64481132567441,828,"Ripp3rs"
78938318345665,828,"Ripp3rs"
79597475704181,828,"Ripp3rs"
129635590413210,828,"Ripp3rs"
137205900087135,828,"Ripp3rs"
201645601726001,828,"Ripp3rs"
217296063554551,828,"Ripp3rs"
259978138610242,828,"Ripp3rs"
262189740051595,828,"Ripp3rs"
13707409317231,287,"RocketTeam"
61042696048603,287,"RocketTeam"
129635590413210,287,"RocketTeam"
137205900087135,287,"RocketTeam"
217296063554551,287,"RocketTeam"
217296063554551,707,"Roger Roger What’s your Vector Victor"
274293480249760,707,"Roger Roger What’s your Vector Victor"
61042696048603,798,"rookie"
78938318345665,798,"rookie"
79597475704181,798,"rookie"
129635590413210,798,"rookie"
217296063554551,798,"rookie"
267572815980067,798,"rookie"
61042696048603,728,"Root Security"
78938318345665,728,"Root Security"
129635590413210,728,"Root Security"
137205900087135,728,"Root Security"
217296063554551,728,"Root Security"
259978138610242,728,"Root Security"
61042696048603,806,"Root2u"
78938318345665,806,"Root2u"
129635590413210,806,"Root2u"
217296063554551,806,"Root2u"
61042696048603,954,"RootX"
217296063554551,954,"RootX"
13707409317231,704,"RPISEC"
43248027705454,704,"RPISEC"
61042696048603,704,"RPISEC"
64481132567441,704,"RPISEC"
69013038504839,704,"RPISEC"
78938318345665,704,"RPISEC"
79597475704181,704,"RPISEC"
129635590413210,704,"RPISEC"
135977197146494,704,"RPISEC"
137205900087135,704,"RPISEC"
175765812795154,704,"RPISEC"
217296063554551,704,"RPISEC"
217966979518682,704,"RPISEC"
247452192350850,704,"RPISEC"
259978138610242,704,"RPISEC"
267572815980067,704,"RPISEC"
61042696048603,649,"rucasogami"
61042696048603,1060,"ruozhi"
217296063554551,1060,"ruozhi"
217296063554551,825,"s3sh2"
43248027705454,734,"SamBowne"
61042696048603,734,"SamBowne"
79597475704181,734,"SamBowne"
129635590413210,734,"SamBowne"
137205900087135,734,"SamBowne"
217296063554551,734,"SamBowne"
259978138610242,734,"SamBowne"
61042696048603,124,"Save the river"
78938318345665,124,"Save the river"
129635590413210,124,"Save the river"
137205900087135,124,"Save the river"
217296063554551,124,"Save the river"
262189740051595,124,"Save the river"
137205900087135,655,"Scampia"
61042696048603,1116,"SCDT"
78938318345665,1116,"SCDT"
129635590413210,1116,"SCDT"
217296063554551,1116,"SCDT"
129635590413210,1092,"ScripTease"
13707409317231,477,"ScriptKiddie_3301"
61042696048603,477,"ScriptKiddie_3301"
78938318345665,477,"ScriptKiddie_3301"
129635590413210,477,"ScriptKiddie_3301"
217296063554551,477,"ScriptKiddie_3301"
61042696048603,956,"sebastianpc"
78938318345665,956,"sebastianpc"
79597475704181,956,"sebastianpc"
129635590413210,956,"sebastianpc"
217296063554551,956,"sebastianpc"
259978138610242,956,"sebastianpc"
61042696048603,66,"SecDSM"
78938318345665,66,"SecDSM"
129635590413210,66,"SecDSM"
217296063554551,66,"SecDSM"
259978138610242,66,"SecDSM"
262189740051595,66,"SecDSM"
274293480249760,66,"SecDSM"
61042696048603,473,"SecurityFactorial"
79597475704181,473,"SecurityFactorial"
129635590413210,473,"SecurityFactorial"
217296063554551,473,"SecurityFactorial"
267572815980067,473,"SecurityFactorial"
61042696048603,366,"servalc"
78938318345665,366,"servalc"
79597475704181,366,"servalc"
129635590413210,366,"servalc"
137205900087135,366,"servalc"
217296063554551,366,"servalc"
267572815980067,366,"servalc"
61042696048603,503,"SEU"
129635590413210,503,"SEU"
43248027705454,673,"ShadowCats"
61042696048603,673,"ShadowCats"
78938318345665,673,"ShadowCats"
79597475704181,673,"ShadowCats"
129635590413210,673,"ShadowCats"
137205900087135,673,"ShadowCats"
146395827519353,673,"ShadowCats"
201645601726001,673,"ShadowCats"
217296063554551,673,"ShadowCats"
217966979518682,673,"ShadowCats"
238540441114806,673,"ShadowCats"
256618859388839,673,"ShadowCats"
259978138610242,673,"ShadowCats"
262189740051595,673,"ShadowCats"
267572815980067,673,"ShadowCats"
274293480249760,673,"ShadowCats"
61042696048603,1067,"ShadowSyndicate169"
129635590413210,1067,"ShadowSyndicate169"
61042696048603,623,"Shadow_58"
61042696048603,349,"SharLike"
78938318345665,349,"SharLike"
217296063554551,349,"SharLike"
61042696048603,1040,"shekaf"
129635590413210,1040,"shekaf"
217296063554551,1040,"shekaf"
20699132274635,301,"Shellphish"
61042696048603,301,"Shellphish"
64481132567441,301,"Shellphish"
69013038504839,301,"Shellphish"
78938318345665,301,"Shellphish"
79597475704181,301,"Shellphish"
94542406908437,301,"Shellphish"
129635590413210,301,"Shellphish"
137205900087135,301,"Shellphish"
217296063554551,301,"Shellphish"
267572815980067,301,"Shellphish"
13707409317231,1028,"shellpwn"
61042696048603,1028,"shellpwn"
78938318345665,1028,"shellpwn"
129635590413210,1028,"shellpwn"
137205900087135,1028,"shellpwn"
217296063554551,1028,"shellpwn"
256618859388839,1028,"shellpwn"
259978138610242,1028,"shellpwn"
262189740051595,1028,"shellpwn"
61042696048603,570,"Shellraisers"
13707409317231,136,"shellrippers"
61042696048603,136,"shellrippers"
78938318345665,136,"shellrippers"
79597475704181,136,"shellrippers"
129635590413210,136,"shellrippers"
137205900087135,136,"shellrippers"
157000820540156,136,"shellrippers"
217296063554551,136,"shellrippers"
256618859388839,136,"shellrippers"
259978138610242,136,"shellrippers"
267572815980067,136,"shellrippers"
61042696048603,1240,"shifeng"
61042696048603,685,"ShineShadow"
78938318345665,685,"ShineShadow"
129635590413210,685,"ShineShadow"
137205900087135,685,"ShineShadow"
217296063554551,685,"ShineShadow"
238540441114806,685,"ShineShadow"
259978138610242,685,"ShineShadow"
43248027705454,1147,"shtuff"
180087338435941,1147,"shtuff"
61042696048603,561,"SiBears"
259978138610242,561,"SiBears"
13707409317231,590,"Sice Squad"
61042696048603,590,"Sice Squad"
69013038504839,590,"Sice Squad"
78938318345665,590,"Sice Squad"
79597475704181,590,"Sice Squad"
90456443599229,590,"Sice Squad"
129635590413210,590,"Sice Squad"
137205900087135,590,"Sice Squad"
217296063554551,590,"Sice Squad"
259978138610242,590,"Sice Squad"
262189740051595,590,"Sice Squad"
267572815980067,590,"Sice Squad"
61042696048603,710,"Silver"
129635590413210,710,"Silver"
217296063554551,710,"Silver"
262189740051595,710,"Silver"
61042696048603,625,"Sindar"
61042696048603,640,"singleplayer"
61042696048603,986,"sixstars"
217296063554551,986,"sixstars"
13707409317231,540,"SK&SK"
61042696048603,540,"SK&SK"
78938318345665,540,"SK&SK"
79597475704181,540,"SK&SK"
129635590413210,540,"SK&SK"
137205900087135,540,"SK&SK"
217296063554551,540,"SK&SK"
256618859388839,540,"SK&SK"
259978138610242,540,"SK&SK"
61042696048603,1037,"skjc"
129635590413210,522,"SKR"
137205900087135,522,"SKR"
259978138610242,522,"SKR"
79597475704181,1205,"SKT"
259978138610242,1205,"SKT"
61042696048603,306,"Slacker Hackers"
64481132567441,925,"Slaughterhouse"
267572815980067,925,"Slaughterhouse"
61042696048603,199,"Sleepz"
129635590413210,761,"Slowskis"
13707409317231,197,"slx.g0d"
20699132274635,197,"slx.g0d"
61042696048603,197,"slx.g0d"
64481132567441,197,"slx.g0d"
78938318345665,197,"slx.g0d"
79597475704181,197,"slx.g0d"
129635590413210,197,"slx.g0d"
137205900087135,197,"slx.g0d"
217296063554551,197,"slx.g0d"
256618859388839,197,"slx.g0d"
267572815980067,197,"slx.g0d"
61042696048603,69,"Sm0k3y_Ch1ck3n"
78938318345665,69,"Sm0k3y_Ch1ck3n"
129635590413210,69,"Sm0k3y_Ch1ck3n"
217296063554551,69,"Sm0k3y_Ch1ck3n"
259978138610242,69,"Sm0k3y_Ch1ck3n"
61042696048603,340,"Solo Squad"
129635590413210,340,"Solo Squad"
217296063554551,340,"Solo Squad"
259978138610242,340,"Solo Squad"
129635590413210,386,"SoloNewb"
61042696048603,924,"solo_ninja"
78938318345665,924,"solo_ninja"
129635590413210,924,"solo_ninja"
137205900087135,924,"solo_ninja"
217296063554551,924,"solo_ninja"
61042696048603,892,"sosbang"
129635590413210,892,"sosbang"
217296063554551,892,"sosbang"
61042696048603,887,"Soul"
129635590413210,887,"Soul"
217296063554551,887,"Soul"
61042696048603,783,"Soul Food"
61042696048603,512,"SourceCode"
129635590413210,512,"SourceCode"
61042696048603,1229,"so_noob"
61042696048603,1109,"Sp00n"
78938318345665,1109,"Sp00n"
137205900087135,1109,"Sp00n"
146395827519353,1109,"Sp00n"
238540441114806,1109,"Sp00n"
256618859388839,1109,"Sp00n"
262189740051595,1109,"Sp00n"
61042696048603,883,"srikavin"
129635590413210,883,"srikavin"
217296063554551,883,"srikavin"
246236604087989,883,"srikavin"
259978138610242,883,"srikavin"
61042696048603,1009,"SSAT"
78938318345665,1009,"SSAT"
129635590413210,1009,"SSAT"
217296063554551,1009,"SSAT"
259978138610242,1009,"SSAT"
61042696048603,485,"Stack"
217296063554551,485,"Stack"
13707409317231,406,"stankc"
61042696048603,406,"stankc"
78938318345665,406,"stankc"
129635590413210,406,"stankc"
217296063554551,406,"stankc"
256618859388839,406,"stankc"
259978138610242,406,"stankc"
43248027705454,1115,"StankyPig"
61042696048603,1115,"StankyPig"
129635590413210,1115,"StankyPig"
13707409317231,125,"StarrySky"
61042696048603,125,"StarrySky"
78938318345665,125,"StarrySky"
79597475704181,125,"StarrySky"
129635590413210,125,"StarrySky"
217296063554551,125,"StarrySky"
238540441114806,125,"StarrySky"
259978138610242,125,"StarrySky"
267572815980067,125,"StarrySky"
61042696048603,415,"SternFuzzyBear"
61042696048603,980,"StevenFebriman"
217296063554551,980,"StevenFebriman"
61042696048603,315,"Strafespey"
79597475704181,315,"Strafespey"
217296063554551,315,"Strafespey"
61042696048603,699,"Strawhat"
129635590413210,101,"sw33t"
61042696048603,546,"Swolfsec"
78938318345665,546,"Swolfsec"
129635590413210,546,"Swolfsec"
217296063554551,546,"Swolfsec"
259978138610242,546,"Swolfsec"
61042696048603,766,"t00lpns"
217296063554551,766,"t00lpns"
61042696048603,916,"t0rchwo0d"
217296063554551,916,"t0rchwo0d"
61042696048603,502,"T35H"
78938318345665,502,"T35H"
79597475704181,502,"T35H"
129635590413210,502,"T35H"
217296063554551,502,"T35H"
259978138610242,502,"T35H"
61042696048603,700,"T3K4"
180087338435941,700,"T3K4"
217296063554551,700,"T3K4"
43248027705454,681,"TACO TOWN <script>alert(document.cookie)</script>"
61042696048603,681,"TACO TOWN <script>alert(document.cookie)</script>"
129635590413210,681,"TACO TOWN <script>alert(document.cookie)</script>"
137205900087135,681,"TACO TOWN <script>alert(document.cookie)</script>"
217296063554551,681,"TACO TOWN <script>alert(document.cookie)</script>"
274293480249760,681,"TACO TOWN <script>alert(document.cookie)</script>"
61042696048603,1048,"Tampan"
61042696048603,1034,"Tanpa Nama"
78938318345665,1034,"Tanpa Nama"
129635590413210,1034,"Tanpa Nama"
217296063554551,1034,"Tanpa Nama"
61042696048603,470,"Team Bagel"
129635590413210,470,"Team Bagel"
217296063554551,470,"Team Bagel"
13707409317231,271,"Team Chantier"
61042696048603,271,"Team Chantier"
78938318345665,271,"Team Chantier"
129635590413210,271,"Team Chantier"
137205900087135,271,"Team Chantier"
217296063554551,271,"Team Chantier"
259978138610242,271,"Team Chantier"
61042696048603,1006,"Team COIS"
129635590413210,1006,"Team COIS"
13707409317231,743,"Team Merritt"
43248027705454,743,"Team Merritt"
61042696048603,743,"Team Merritt"
78938318345665,743,"Team Merritt"
129635590413210,743,"Team Merritt"
137205900087135,743,"Team Merritt"
217296063554551,743,"Team Merritt"
259978138610242,743,"Team Merritt"
274293480249760,743,"Team Merritt"
43248027705454,742,"Team Name"
61042696048603,742,"Team Name"
137205900087135,742,"Team Name"
217296063554551,742,"Team Name"
13707409317231,1024,"TeamC8"
61042696048603,1024,"TeamC8"
78938318345665,1024,"TeamC8"
79597475704181,1024,"TeamC8"
129635590413210,1024,"TeamC8"
137205900087135,1024,"TeamC8"
129635590413210,1106,"teamname"
137205900087135,165,"teamone"
256618859388839,165,"teamone"
259978138610242,165,"teamone"
61042696048603,350,"TeamPowerPrinter"
78938318345665,350,"TeamPowerPrinter"
79597475704181,350,"TeamPowerPrinter"
129635590413210,350,"TeamPowerPrinter"
137205900087135,350,"TeamPowerPrinter"
217296063554551,350,"TeamPowerPrinter"
262189740051595,350,"TeamPowerPrinter"
13707409317231,834,"TeamRocketIst"
61042696048603,834,"TeamRocketIst"
78938318345665,834,"TeamRocketIst"
79597475704181,834,"TeamRocketIst"
129635590413210,834,"TeamRocketIst"
137205900087135,834,"TeamRocketIst"
175765812795154,834,"TeamRocketIst"
196436988665166,834,"TeamRocketIst"
217296063554551,834,"TeamRocketIst"
259978138610242,834,"TeamRocketIst"
267572815980067,834,"TeamRocketIst"
61042696048603,178,"TeamShade"
79597475704181,178,"TeamShade"
217296063554551,178,"TeamShade"
129635590413210,273,"TeamSolarSunrise"
61042696048603,624,"TeamSpirit"
13707409317231,216,"TeamZAP"
61042696048603,216,"TeamZAP"
78938318345665,216,"TeamZAP"
129635590413210,216,"TeamZAP"
137205900087135,216,"TeamZAP"
217296063554551,216,"TeamZAP"
259978138610242,216,"TeamZAP"
262189740051595,216,"TeamZAP"
61042696048603,277,"TechHacks"
78938318345665,277,"TechHacks"
129635590413210,277,"TechHacks"
61042696048603,31,"Techinject"
129635590413210,31,"Techinject"
217296063554551,31,"Techinject"
259978138610242,31,"Techinject"
78938318345665,907,"TechSec"
137205900087135,907,"TechSec"
61042696048603,511,"test"
61042696048603,717,"Test1"
217296063554551,717,"Test1"
262189740051595,717,"Test1"
61042696048603,990,"testest"
217296063554551,990,"testest"
137205900087135,725,"teste{{7*7}}"
259978138610242,1193,"test_team"
61042696048603,405,"Th3_C4valiers"
78938318345665,405,"Th3_C4valiers"
129635590413210,405,"Th3_C4valiers"
217296063554551,405,"Th3_C4valiers"
259978138610242,405,"Th3_C4valiers"
262189740051595,405,"Th3_C4valiers"
61042696048603,562,"ThatsPwnFolks"
64481132567441,562,"ThatsPwnFolks"
78938318345665,562,"ThatsPwnFolks"
79597475704181,562,"ThatsPwnFolks"
90456443599229,562,"ThatsPwnFolks"
129635590413210,562,"ThatsPwnFolks"
217296063554551,562,"ThatsPwnFolks"
259978138610242,562,"ThatsPwnFolks"
267572815980067,562,"ThatsPwnFolks"
61042696048603,661,"The Assemblers"
129635590413210,661,"The Assemblers"
217296063554551,661,"The Assemblers"
43248027705454,910,"The Gonna Fails 2: The Electric Honeybooboo"
61042696048603,910,"The Gonna Fails 2: The Electric Honeybooboo"
129635590413210,910,"The Gonna Fails 2: The Electric Honeybooboo"
217296063554551,910,"The Gonna Fails 2: The Electric Honeybooboo"
274293480249760,910,"The Gonna Fails 2: The Electric Honeybooboo"
61042696048603,1157,"The Noobs"
129635590413210,1157,"The Noobs"
61042696048603,574,"TheDerp"
137205900087135,574,"TheDerp"
217296063554551,574,"TheDerp"
259978138610242,574,"TheDerp"
61042696048603,608,"TheFlagIsNotHere"
78938318345665,608,"TheFlagIsNotHere"
129635590413210,608,"TheFlagIsNotHere"
217296063554551,608,"TheFlagIsNotHere"
259978138610242,608,"TheFlagIsNotHere"
61042696048603,1004,"TheRealPwners"
129635590413210,1004,"TheRealPwners"
217296063554551,1004,"TheRealPwners"
61042696048603,296,"TheRedWheelbarrow"
78938318345665,296,"TheRedWheelbarrow"
129635590413210,296,"TheRedWheelbarrow"
217296063554551,296,"TheRedWheelbarrow"
61042696048603,1022,"Thermodynamics"
129635590413210,1022,"Thermodynamics"
61042696048603,398,"the_disciples_of_watonga"
217296063554551,398,"the_disciples_of_watonga"
259978138610242,398,"the_disciples_of_watonga"
13707409317231,399,"The_Rox"
61042696048603,399,"The_Rox"
78938318345665,399,"The_Rox"
79597475704181,399,"The_Rox"
129635590413210,399,"The_Rox"
137205900087135,399,"The_Rox"
217296063554551,399,"The_Rox"
259978138610242,399,"The_Rox"
262189740051595,399,"The_Rox"
61042696048603,441,"TimeKeeper"
78938318345665,441,"TimeKeeper"
217296063554551,441,"TimeKeeper"
61042696048603,1202,"tinmin"
217296063554551,1202,"tinmin"
13707409317231,978,"tinypingu"
61042696048603,978,"tinypingu"
78938318345665,978,"tinypingu"
79597475704181,978,"tinypingu"
217296063554551,978,"tinypingu"
13707409317231,198,"Titanium Beagle"
61042696048603,198,"Titanium Beagle"
78938318345665,198,"Titanium Beagle"
129635590413210,198,"Titanium Beagle"
137205900087135,198,"Titanium Beagle"
217296063554551,198,"Titanium Beagle"
238540441114806,198,"Titanium Beagle"
259978138610242,198,"Titanium Beagle"
262189740051595,198,"Titanium Beagle"
61042696048603,1151,"Titotitocamotitou"
129635590413210,1151,"Titotitocamotitou"
217296063554551,1151,"Titotitocamotitou"
61042696048603,259,"tkmk"
79597475704181,259,"tkmk"
217296063554551,259,"tkmk"
61042696048603,146,"TodoChanxD"
259978138610242,146,"TodoChanxD"
262189740051595,146,"TodoChanxD"
61042696048603,455,"tonys"
217296063554551,455,"tonys"
262189740051595,455,"tonys"
61042696048603,613,"top30kret"
137205900087135,613,"top30kret"
259978138610242,613,"top30kret"
129635590413210,1117,"TopWing"
137205900087135,1117,"TopWing"
61042696048603,1094,"TorkyBlorky"
79597475704181,1094,"TorkyBlorky"
129635590413210,1094,"TorkyBlorky"
217296063554551,1094,"TorkyBlorky"
13707409317231,108,"total noobs"
61042696048603,108,"total noobs"
78938318345665,108,"total noobs"
79597475704181,108,"total noobs"
90456443599229,108,"total noobs"
129635590413210,108,"total noobs"
137205900087135,108,"total noobs"
217296063554551,108,"total noobs"
259978138610242,108,"total noobs"
262189740051595,108,"total noobs"
267572815980067,108,"total noobs"
61042696048603,747,"Totalnoob"
61042696048603,397,"Towards3ternity"
61042696048603,801,"Towson Tigers"
78938318345665,801,"Towson Tigers"
129635590413210,801,"Towson Tigers"
217296063554551,801,"Towson Tigers"
61042696048603,862,"Tracerteectf"
79597475704181,862,"Tracerteectf"
217296063554551,862,"Tracerteectf"
259978138610242,862,"Tracerteectf"
267572815980067,862,"Tracerteectf"
61042696048603,909,"Trinity"
217296063554551,909,"Trinity"
61042696048603,934,"TrustNoOne"
78938318345665,934,"TrustNoOne"
217296063554551,934,"TrustNoOne"
61042696048603,829,"TT"
217296063554551,829,"TT"
61042696048603,760,"ttll."
61042696048603,653,"tts"
13707409317231,553,"TU6PM"
61042696048603,553,"TU6PM"
78938318345665,553,"TU6PM"
79597475704181,553,"TU6PM"
129635590413210,553,"TU6PM"
217296063554551,553,"TU6PM"
259978138610242,553,"TU6PM"
61042696048603,899,"Tux Army"
78938318345665,899,"Tux Army"
129635590413210,899,"Tux Army"
137205900087135,899,"Tux Army"
217296063554551,899,"Tux Army"
61042696048603,177,"TuzHack"
78938318345665,177,"TuzHack"
129635590413210,177,"TuzHack"
137205900087135,177,"TuzHack"
217296063554551,177,"TuzHack"
259978138610242,177,"TuzHack"
20699132274635,282,"twinkle"
61042696048603,282,"twinkle"
69013038504839,282,"twinkle"
78938318345665,282,"twinkle"
129635590413210,282,"twinkle"
217296063554551,282,"twinkle"
259978138610242,282,"twinkle"
61042696048603,467,"Ugongjae"
79597475704181,467,"Ugongjae"
217296063554551,467,"Ugongjae"
267572815980067,467,"Ugongjae"
43248027705454,671,"uhhh"
61042696048603,671,"uhhh"
78938318345665,671,"uhhh"
129635590413210,671,"uhhh"
217296063554551,671,"uhhh"
259978138610242,671,"uhhh"
274293480249760,671,"uhhh"
61042696048603,447,"uit"
217296063554551,447,"uit"
61042696048603,234,"UltraMegaChicken"
61042696048603,679,"UnicornPoo"
61042696048603,440,"Universe"
78938318345665,440,"Universe"
217296063554551,440,"Universe"
61042696048603,309,"UraTrainingcamp"
61042696048603,1019,"Urek"
129635590413210,1019,"Urek"
217296063554551,1019,"Urek"
13707409317231,882,"UrsaMajor"
61042696048603,882,"UrsaMajor"
78938318345665,882,"UrsaMajor"
129635590413210,882,"UrsaMajor"
217296063554551,882,"UrsaMajor"
259978138610242,882,"UrsaMajor"
129635590413210,833,"UTD_CSG"
61042696048603,1119,"uu-unnamed"
217296063554551,1119,"uu-unnamed"
61042696048603,602,"uwu"
78938318345665,602,"uwu"
129635590413210,602,"uwu"
217296063554551,602,"uwu"
61042696048603,581,"Valentine"
61042696048603,787,"vanhelsing"
78938318345665,787,"vanhelsing"
129635590413210,787,"vanhelsing"
217296063554551,787,"vanhelsing"
259978138610242,787,"vanhelsing"
61042696048603,151,"Vanta"
217296063554551,151,"Vanta"
61042696048603,995,"vefhremmingar"
78938318345665,995,"vefhremmingar"
129635590413210,995,"vefhremmingar"
217296063554551,995,"vefhremmingar"
13707409317231,576,"Vegan Sharks"
61042696048603,576,"Vegan Sharks"
78938318345665,576,"Vegan Sharks"
79597475704181,576,"Vegan Sharks"
129635590413210,576,"Vegan Sharks"
137205900087135,576,"Vegan Sharks"
217296063554551,576,"Vegan Sharks"
259978138610242,576,"Vegan Sharks"
262189740051595,576,"Vegan Sharks"
61042696048603,153,"VigilanteHackers"
129635590413210,153,"VigilanteHackers"
61042696048603,319,"Vionik"
129635590413210,319,"Vionik"
217296063554551,319,"Vionik"
61042696048603,442,"VMY goes Solo"
61042696048603,957,"VND0ng"
61042696048603,435,"VN_MSEC"
129635590413210,435,"VN_MSEC"
217296063554551,435,"VN_MSEC"
259978138610242,435,"VN_MSEC"
13707409317231,244,"voidka"
20752559572331,244,"voidka"
33711099870834,244,"voidka"
42000168598225,244,"voidka"
61042696048603,244,"voidka"
66157298247002,244,"voidka"
69013038504839,244,"voidka"
78938318345665,244,"voidka"
79597475704181,244,"voidka"
94542406908437,244,"voidka"
129635590413210,244,"voidka"
135977197146494,244,"voidka"
137205900087135,244,"voidka"
157000820540156,244,"voidka"
180087338435941,244,"voidka"
217296063554551,244,"voidka"
225000872620548,244,"voidka"
234093379428150,244,"voidka"
238540441114806,244,"voidka"
246236604087989,244,"voidka"
247452192350850,244,"voidka"
259978138610242,244,"voidka"
262189740051595,244,"voidka"
267572815980067,244,"voidka"
13707409317231,42,"VS"
61042696048603,42,"VS"
78938318345665,42,"VS"
79597475704181,42,"VS"
129635590413210,42,"VS"
180087338435941,42,"VS"
217296063554551,42,"VS"
259978138610242,42,"VS"
262189740051595,42,"VS"
129635590413210,1111,"wasd0_0"
13707409317231,552,"WATCHERS"
61042696048603,552,"WATCHERS"
78938318345665,552,"WATCHERS"
79597475704181,552,"WATCHERS"
129635590413210,552,"WATCHERS"
137205900087135,552,"WATCHERS"
217296063554551,552,"WATCHERS"
259978138610242,552,"WATCHERS"
262189740051595,552,"WATCHERS"
267572815980067,552,"WATCHERS"
61042696048603,1015,"Watering"
78938318345665,1015,"Watering"
129635590413210,1015,"Watering"
217296063554551,1015,"Watering"
43248027705454,140,"WCSC"
61042696048603,140,"WCSC"
129635590413210,140,"WCSC"
64481132567441,821,"wdnmd$$$"
79597475704181,821,"wdnmd$$$"
259978138610242,821,"wdnmd$$$"
267572815980067,821,"wdnmd$$$"
61042696048603,64,"We Be Peterson"
61042696048603,242,"weeeb o wahb"
137205900087135,242,"weeeb o wahb"
61042696048603,657,"wguest"
259978138610242,657,"wguest"
61042696048603,893,"Wh@tever"
66157298247002,893,"Wh@tever"
78938318345665,893,"Wh@tever"
217296063554551,893,"Wh@tever"
262189740051595,893,"Wh@tever"
61042696048603,358,"whatever"
78938318345665,358,"whatever"
129635590413210,358,"whatever"
217296063554551,358,"whatever"
259978138610242,358,"whatever"
43248027705454,684,"willlll"
61042696048603,684,"willlll"
129635590413210,684,"willlll"
217296063554551,684,"willlll"
274293480249760,684,"willlll"
61042696048603,983,"wind"
217296063554551,983,"wind"
64481132567441,975,"wl"
61042696048603,1145,"WolfPack"
217296063554551,1145,"WolfPack"
262189740051595,1145,"WolfPack"
217296063554551,396,"Worsthackerever"
13707409317231,651,"wow"
43248027705454,651,"wow"
61042696048603,651,"wow"
78938318345665,651,"wow"
129635590413210,651,"wow"
217296063554551,651,"wow"
256618859388839,651,"wow"
262189740051595,651,"wow"
274293480249760,651,"wow"
61042696048603,215,"WR"
78938318345665,215,"WR"
79597475704181,1065,"wtf"
267572815980067,1065,"wtf"
61042696048603,356,"Wunderleth"
78938318345665,356,"Wunderleth"
129635590413210,356,"Wunderleth"
137205900087135,356,"Wunderleth"
217296063554551,356,"Wunderleth"
259978138610242,356,"Wunderleth"
262189740051595,356,"Wunderleth"
267572815980067,356,"Wunderleth"
61042696048603,1132,"wwwdata"
217296063554551,1132,"wwwdata"
259978138610242,1132,"wwwdata"
262189740051595,1132,"wwwdata"
13707409317231,500,"x0rc3r3rs"
61042696048603,500,"x0rc3r3rs"
78938318345665,500,"x0rc3r3rs"
129635590413210,500,"x0rc3r3rs"
201645601726001,500,"x0rc3r3rs"
217296063554551,500,"x0rc3r3rs"
259978138610242,500,"x0rc3r3rs"
262189740051595,500,"x0rc3r3rs"
61042696048603,102,"xSTF"
78938318345665,102,"xSTF"
79597475704181,102,"xSTF"
129635590413210,102,"xSTF"
137205900087135,102,"xSTF"
217296063554551,102,"xSTF"
259978138610242,102,"xSTF"
262189740051595,102,"xSTF"
267572815980067,102,"xSTF"
79597475704181,741,"y0d31"
267572815980067,741,"y0d31"
61042696048603,1250,"Y2P"
217296063554551,1250,"Y2P"
262189740051595,1250,"Y2P"
43248027705454,715,"y45hNRG"
61042696048603,715,"y45hNRG"
129635590413210,715,"y45hNRG"
217296063554551,715,"y45hNRG"
274293480249760,715,"y45hNRG"
78938318345665,253,"YBS"
79597475704181,253,"YBS"
217296063554551,253,"YBS"
259978138610242,253,"YBS"
267572815980067,253,"YBS"
61042696048603,824,"YOLO_Sec"
78938318345665,824,"YOLO_Sec"
217296063554551,824,"YOLO_Sec"
259978138610242,824,"YOLO_Sec"
13707409317231,538,"YUD"
61042696048603,538,"YUD"
259978138610242,538,"YUD"
61042696048603,732,"Z0roT34m"
61042696048603,361,"z3r0_n1ght"
64481132567441,361,"z3r0_n1ght"
78938318345665,361,"z3r0_n1ght"
217296063554551,361,"z3r0_n1ght"
225000872620548,361,"z3r0_n1ght"
61042696048603,235,"z3uZ"
61042696048603,1189,"zE kOOL kIDS kLUB"
129635590413210,1189,"zE kOOL kIDS kLUB"
262189740051595,1189,"zE kOOL kIDS kLUB"
43248027705454,765,"ZenDo"
61042696048603,765,"ZenDo"
217296063554551,765,"ZenDo"
61042696048603,1007,"Zero"
217296063554551,1007,"Zero"
61042696048603,346,"zerocoder"
78938318345665,346,"zerocoder"
129635590413210,346,"zerocoder"
8384454985489,1242,"zerokool"
61042696048603,664,"zoli4c"
61042696048603,1047,"[Kstu] Holy Empire"
79597475704181,1047,"[Kstu] Holy Empire"
129635590413210,1047,"[Kstu] Holy Empire"
217296063554551,1047,"[Kstu] Holy Empire"
13707409317231,709,"_ips_"
43248027705454,709,"_ips_"
61042696048603,709,"_ips_"
78938318345665,709,"_ips_"
129635590413210,709,"_ips_"
137205900087135,709,"_ips_"
217296063554551,709,"_ips_"
259978138610242,709,"_ips_"
274293480249760,709,"_ips_"
61042696048603,1051,"__init__"
217296063554551,1051,"__init__"
61042696048603,353,"~/h4ck_tim3/~"
8384454985489,312,"▣"
13707409317231,312,"▣"
33711099870834,312,"▣"
43248027705454,312,"▣"
61042696048603,312,"▣"
64481132567441,312,"▣"
66157298247002,312,"▣"
78938318345665,312,"▣"
79597475704181,312,"▣"
129635590413210,312,"▣"
137205900087135,312,"▣"
217296063554551,312,"▣"
225000872620548,312,"▣"
238540441114806,312,"▣"
247452192350850,312,"▣"
256618859388839,312,"▣"
259978138610242,312,"▣"
262189740051595,312,"▣"
274293480249760,312,"▣"
61042696048603,1052,"김.준.형"
78938318345665,1052,"김.준.형"
79597475704181,1052,"김.준.형"
94542406908437,1052,"김.준.형"
129635590413210,1052,"김.준.형"
137205900087135,1052,"김.준.형"
217296063554551,1052,"김.준.형"
259978138610242,1052,"김.준.형"
262189740051595,1052,"김.준.형"
267572815980067,1052,"김.준.형"
